id,station,time,TN,TP,chlorphylla,NH4,COD,DO,BOD,pH
1,THL00,199101,,,,,,,,
2,THL00,199102,,,,,,,,
3,THL00,199103,,,,,,,,
4,THL00,199104,,,,,,,,
5,THL00,199105,,,,,,,,
6,THL00,199106,,,,,,,,
7,THL00,199107,,,,,,,,
8,THL00,199108,,,,,,,,
9,THL00,199109,1.185,0.149,13.65,0.16,5.55,0,,8.46
10,THL00,199110,7.64,0.686,30.57,,,,,7.76
11,THL00,199111,12.16,0.779,20.2,0.64,16.16,0.8,,7.59
12,THL00,199112,2.28,0.145,18.02,,,,,8.03
13,THL00,199201,11.95,0.452,8.74,8,15.64,5,,7.68
14,THL00,199202,5.8,0.054,10.37,2.4,5.11,9.8,,7.85
15,THL00,199203,13.5,0.139,10.1,8.8,7.35,4.1,,7.63
16,THL00,199204,5.14,0.079,2.73,1.92,8.46,5.49,,7.93
17,THL00,199205,8.88,0.174,34.67,6.33,8.36,8.7,,6.6
18,THL00,199206,2.29,0.067,62.24,0.176,7.18,7.74,,8.84
19,THL00,199207,7.51,0.186,36,6.77,6.54,3.78,,7.55
20,THL00,199208,4.54,0.141,29.48,1.27,6.86,1.44,,7.54
21,THL00,199209,2.61,0.122,70.43,0.549,7.94,5.66,,7.99
22,THL00,199210,1.28,0.097,16.93,0.02,5.73,8.83,,8.63
23,THL00,199211,2.17,0.155,21.27,0.442,5.63,9.46,,7.66
24,THL00,199212,14.41,0.722,16.93,13.6,6.98,0.77,,7.63
25,THL00,199301,10.24,0.311,4.26,5.24,7.56,6.16,,7.53
26,THL00,199302,,,,,,,,
27,THL00,199303,14.27,0.384,11.47,10.51,9.48,2.88,,7.58
28,THL00,199304,7.63,0.17,36.6,1.59,6.31,9.81,,8.37
29,THL00,199305,1.56,0.037,19.66,0.504,4.31,8.24,,7.99
30,THL00,199306,7.05,0.201,66.61,3.78,6.9,4.11,,
31,THL00,199307,2.37,0.143,69.8,0.163,6.21,7.44,,8.8
32,THL00,199308,5.95,0.268,12.61,3.516,7.91,1.85,,7.6
33,THL00,199309,6.039,0.232,22.55,4.42,6.83,0.94,,7.8
34,THL00,199310,0.589,0.1,36.7,0.128,5.26,8.07,,8.65
35,THL00,199311,6.66,0.242,28.92,3.86,7.05,1.65,,7.5
36,THL00,199312,1.45,0.06,16.9,0.259,4.59,12.2,,7.9
37,THL00,199401,,,,,,,,
38,THL00,199402,,,,,,,,
39,THL00,199403,,,,,,,,
40,THL00,199404,,,,,,,,
41,THL00,199405,10.12,0.149,,7.53,7.01,,,7.7
42,THL00,199406,3.15,0.039,,0.536,7.01,,,8
43,THL00,199407,4.99,0.331,51.1,3.43,11.66,4.43,,7.79
44,THL00,199408,6.68,0.165,24.6,5.34,6.67,2.26,,7.8
45,THL00,199409,6.89,0.305,,5.22,9.23,,,7.7
46,THL00,199410,6.88,0.27,,5.88,10.76,,,7.49
47,THL00,199411,10.5,0.074,,6.22,11.36,,,
48,THL00,199412,7.16,0.143,25.1,3.8,10.96,7.96,,7.65
49,THL00,199501,8.71,0.239,18.02,5.7,10.99,10.2,,7.05
50,THL00,199502,5.26,0.055,13.35,2.85,4.94,10.24,,
51,THL00,199503,13.06,0.505,5.73,11.46,12.84,1.61,,6.6
52,THL00,199504,8.67,0.337,20.42,5.73,8.44,7.04,,6.95
53,THL00,199505,8.5,0.423,7.64,4.94,11.56,1.71,,7.93
54,THL00,199506,2.3,0.212,13.39,0.47,6.17,5.48,,8.18
55,THL00,199507,2.3,0.132,37.6,0.446,5.8,5.87,,8.44
56,THL00,199508,2.3,0.189,34.3,0.424,5.77,4.95,,7.81
57,THL00,199509,3.12,0.204,38.7,1.42,4.09,4.89,,7.77
58,THL00,199510,8.69,0.325,14.28,6.25,6.91,1.04,,7.6
59,THL00,199511,3.41,0.229,50,1.34,6.63,9.23,,7.5
60,THL00,199512,17,0.824,22.66,10.7,11.54,0.7,,7.56
61,THL00,199601,14.78,0.586,14.21,11.66,1.41,12.57,,7.35
62,THL00,199602,12.95,0.423,29.69,7.93,6.95,9.49,,7.44
63,THL00,199603,14,0.295,57.67,10.92,2.99,8.67,,7.63
64,THL00,199604,10.35,0.367,101.44,6.27,7.39,9.54,,8.2
65,THL00,199605,11.43,0.385,50,5.66,4.22,9.37,,7.76
66,THL00,199606,3.902,0.269,150,1,9.53,8.34,,9.11
67,THL00,199607,3.81,0.111,106.8,0.312,7.25,7.92,,8.33
68,THL00,199608,5.088,0.263,60,3.457,4.46,7.6,,7.89
69,THL00,199609,2.79,0.332,81,0.711,4.89,8.67,,8.12
70,THL00,199610,5.109,0.193,44,4.695,6.38,8.11,,7.88
71,THL00,199611,4.582,0.143,53.01,2.81,9.91,6.52,,8.15
72,THL00,199612,4.28,0.242,52.8,2.18,10.59,6.38,,8.17
73,THL00,199701,8.61,0.266,13.7,6.05,7.26,8,,7.58
74,THL00,199702,,,,,,,,
75,THL00,199703,11.4,0.215,26.3,8.06,8.85,7.32,,7.68
76,THL00,199704,13.6,0.413,65.7,10.7,10.6,2.79,,7.69
77,THL00,199705,6.54,0.316,59.4,5.3,7.65,5.29,,7.77
78,THL00,199706,4.14,0.345,117,2.04,6.02,3.78,,7.27
79,THL00,199707,5.43,0.239,178,3.54,9.14,7.26,,8.23
80,THL00,199708,4.09,0.237,67.5,2.51,5.9,4.6,,8.31
81,THL00,199709,1.8,0.182,73.7,0.152,6.43,7.79,,8.68
82,THL00,199710,3.92,0.178,62.8,2.04,7.12,7.94,,8.06
83,THL00,199711,12.8,0.37,41,8.1,9.1,5.32,,7.74
84,THL00,199712,9.97,0.251,6.14,5.62,7.07,5.83,,7.63
85,THL00,199801,9.78,0.243,0,4.11,6.74,6.66,,7.7
86,THL00,199802,3.71,0.104,13.7,0.71,4.36,10.8,,7.86
87,THL00,199803,4.95,0.122,8,1.46,5.85,9.16,,7.98
88,THL00,199804,3.99,0.131,78.4,0.22,6.54,12.3,,8.3
89,THL00,199805,6.92,0.303,4,5.7,6.42,5.34,,7.68
90,THL00,199806,5.14,0.244,86,2.37,7.45,8.99,,7.98
91,THL00,199807,7.15,0.496,76.8,3.15,7.73,2.07,,7.84
92,THL00,199808,6.76,0.251,94.5,3.82,10.4,0,,8.4
93,THL00,199809,5.16,0.203,17.3,1.39,4.9,2.39,,7.91
94,THL00,199810,2.72,0.141,42.1,1.18,4.79,6.91,,7.9
95,THL00,199811,9.75,0.27,48.3,6.43,7.05,3.83,,7.62
96,THL00,199812,8.18,0.221,18.3,5.78,6.84,6.14,,7.68
97,THL00,199901,8.53,0.237,9.9,6.47,5.96,7.84,,7.93
98,THL00,199902,9.42,0.492,4.1,8.6,7.7,1.94,,7.7
99,THL00,199903,14.3,0.43,19.6,9,7.92,3,,7.55
100,THL00,199904,12.2,0.253,84.7,8.15,6.8,9.73,,8.35
101,THL00,199905,13.7,0.387,78.7,9.26,7.25,6.24,,8.1
102,THL00,199906,8.5,0.196,11.8,3.62,5.02,3.39,,7.59
103,THL00,199907,7.15,0.496,76.8,3.15,7.73,2.07,,7.84
104,THL00,199908,6.76,0.251,94.5,3.82,10.4,0,,8.4
105,THL00,199909,5.16,0.203,17.3,1.39,4.9,2.39,,7.91
106,THL00,199910,2.72,0.141,42.1,1.18,4.79,6.91,,7.9
107,THL00,199911,9.75,0.27,48.3,6.43,7.05,3.83,,7.62
108,THL00,199912,8.18,0.221,18.3,5.78,6.84,6.14,,7.68
109,THL00,200001,12.54,0.271,3.62,10.54,6.05,6.46,,7.39
110,THL00,200002,9.82,0.337,30.6,6.525,9.49,7.36,,7.93
111,THL00,200003,9.84,0.214,27.7,5.715,7.35,8.65,,8.04
112,THL00,200004,8.21,0.231,123.4,1.482,13.6,12.5,,8.99
113,THL00,200005,10.03,0.325,76.8,6.016,7.45,6.74,,8.23
114,THL00,200006,5.796,0.276,171,1.337,11.62,13.44,,9.21
115,THL00,200007,6.357,0.235,92.5,3.676,8.4,6.73,,8.09
116,THL00,200008,6.832,0.2094,91.3,3.554,7.04,4.9,,7.87
117,THL00,200009,5.447,0.198,18.41,3.372,5.1,2.48,,7.6
118,THL00,200010,5.94,0.195,10.81,4.809,5.06,1.47,,7.41
119,THL00,200011,9.44,0.308,2.14,6.06,5.33,1.9,,7.51
120,THL00,200012,8.46,0.276,21.4,5.16,6.82,4.97,,7.77
121,THL00,200101,10.23,0.43,5,2.854,8.73,2.5,,7.7
122,THL00,200102,7.32,0.583,9.29,3.692,5.18,9.49,,7.76
123,THL00,200103,12.74,0.493,19.15,10.01,9.89,1.58,,7.79
124,THL00,200104,10.8,0.35,37.75,4.071,9.71,3.06,,7.68
125,THL00,200105,11.2,0.323,96.42,3.864,9.53,2.11,,7.65
126,THL00,200106,9.34,0.223,26.08,3.101,7.04,3.67,,7.4
127,THL00,200107,5.71,0.328,35.51,3.46,7.07,2.43,,7.78
128,THL00,200108,3.06,0.175,62.85,0.535,7.41,10.52,,7.7
129,THL00,200109,1.04,0.182,46.1,0.034,5.87,7.46,,8.15
130,THL00,200110,7.47,0.288,13.3,5.288,6.29,1.4,,7.7
131,THL00,200111,10.2,0.278,14.23,7.524,6.81,3.52,,7.87
132,THL00,200112,8.93,0.306,2.14,5.4,7.98,2.1,,7.6
133,THL00,200201,10.89,0.361,9.11,7.329,7.58,3.45,,7.67
134,THL00,200202,9.75,0.604,6.78,7.935,9.11,0.47,,7.39
135,THL00,200203,11.34,0.383,13.57,9.009,8.77,1.81,,7.68
136,THL00,200204,9.99,0.333,43.83,6.096,8.65,3.36,,7.95
137,THL00,200205,7.41,0.268,19.59,3.474,6.34,3.44,,7.4
138,THL00,200206,5.33,0.426,85.07,1.866,8.25,13.62,,8.67
139,THL00,200207,8.07,0.381,90.02,3.989,8.99,7.24,,7.59
140,THL00,200208,5.77,0.273,15.02,4.176,5.66,1.79,,8
141,THL00,200209,5.79,0.295,16.52,3.939,5.04,1.06,,7.75
142,THL00,200210,7.36,0.268,62.94,2.366,7.79,5.5,,7.95
143,THL00,200211,8.96,0.234,15.96,5.757,6.89,4.08,,7.97
144,THL00,200212,7.8,0.149,9.64,5.025,6.46,8.17,,8.09
145,THL00,200301,5.58,0.114,14.28,2.45,6.21,11.88,,8.31
146,THL00,200302,12.75,0.271,10.45,7.032,8.65,1.07,,7.78
147,THL00,200303,12.5,0.562,4.05,8.049,9.72,1.36,,7.78
148,THL00,200304,7.46,0.147,39.92,2.7,7.05,8.26,,7.95
149,THL00,200305,9.21,0.219,25,6.984,6.79,3.14,,7.81
150,THL00,200306,7.45,0.237,11.65,4.66,5.54,1.32,,7.54
151,THL00,200307,5.52,0.249,16.12,2.696,6.48,1.3,,7.64
152,THL00,200308,5.28,0.251,6.41,2.362,5.18,1.14,,7.69
153,THL00,200309,5.08,0.251,13.39,2.378,5.35,1.21,,7.73
154,THL00,200310,6.06,0.28,6.25,2.206,6.03,2.6,,7.76
155,THL00,200311,9.09,0.37,3.91,6.126,8.69,2.6,,7.58
156,THL00,200312,10.91,0.306,7.81,7.463,7.05,3.17,,7.79
157,THL00,200401,12.34,0.352,3.91,7.42,9.42,2.76,,7.61
158,THL00,200402,13.56,0.214,34.82,7.47,9.03,8.49,,8.02
159,THL00,200403,11.13,0.297,13.47,7.23,8.99,3.75,,7.74
160,THL00,200404,11.14,0.305,28.93,7.16,7.01,4.21,,7.87
161,THL00,200405,9.32,0.422,10.16,6.64,6.49,1.37,,7.71
162,THL00,200406,6.88,0.212,16.07,3.14,5.72,2.31,,7.88
163,THL00,200407,4.5,0.24,168.47,0.07,9.57,9.73,,8.41
164,THL00,200408,6.14,0.29,61.52,4.26,6.41,4.22,,7.72
165,THL00,200409,6.99,0.217,33.59,4.75,5.7,4.59,,7.63
166,THL00,200410,8.63,0.284,17.86,5.66,6,1.28,,7.46
167,THL00,200411,8.84,0.215,6.25,6.82,6.2,2.94,,7.71
168,THL00,200412,8.33,0.282,4.46,5.91,6.54,2.04,,7.52
169,THL00,200501,12.35,0.293,3.96,8.28,7.25,2.11,,7.55
170,THL00,200502,11.22,0.273,3.12,7.4,5.54,5.75,,7.86
171,THL00,200503,13.34,0.358,9.04,9.05,7.39,2.99,,7.8
172,THL00,200504,9.44,0.256,16.07,7.12,5.73,1.84,,7.49
173,THL00,200505,8.43,0.173,20.79,6.93,5.26,1.84,,7.52
174,THL00,200506,6.21,0.248,62.05,4.21,6.93,4.55,,7.81
175,THL00,200507,5.04,0.07,2.43,4.17,,4.88,,7.73
176,THL00,200508,5.1,0.096,2.67,1.58,,6.02,,7.71
177,THL00,200509,4.24,0.06,2.54,4.42,,4.47,,7.55
178,THL00,200510,4.77,0.058,2.53,5.5,,4.04,,7.65
179,THL00,200511,5.93,0.082,2.86,2.49,,4.32,,7.48
180,THL00,200512,9.91,0.106,2.97,4.45,,5.66,,7.25
181,THL00,200601,10.19,0.241,7.5,7.02,6.75,3.26,,7.22
182,THL00,200602,8.55,0.177,4.46,4.74,5.09,9.09,,7.16
183,THL00,200603,11.65,0.273,14.28,8.18,5.45,5.73,,7.87
184,THL00,200604,8.85,0.269,17.86,3.52,6.35,3.79,,7.92
185,THL00,200605,7.11,0.266,9.82,3.1,5.22,3.04,,6.93
186,THL00,200606,7.8,0.319,31.25,3.4,6.17,5.71,,6.93
187,THL00,200607,7.04,0.238,51.78,2.94,6.94,7.6,,7.92
188,THL00,200608,7.03,0.294,58.03,3.32,7.05,2.94,,7.83
189,THL00,200609,6.26,0.332,17.86,2.23,5.23,2.14,,7.83
190,THL00,200610,6.12,0.253,12.5,3.25,5.55,3.23,,7.72
191,THL00,200611,7.09,0.287,4.91,3.15,4.24,2.95,,7.74
192,THL00,200612,7.97,0.222,2.34,5.15,6.32,3.94,,7.51
193,THL01,199101,,,,,,,,
194,THL01,199102,,,,,,,,
195,THL01,199103,,,,,,,,
196,THL01,199104,,,,,,,,
197,THL01,199105,,,,,,,,
198,THL01,199106,,,,,,,,
199,THL01,199107,,,,,,,,
200,THL01,199108,0.476,0.045,37.4,,,,,7.9
201,THL01,199109,2.403,0.125,33.85,,,,,8.9
202,THL01,199110,1.39,0.179,13.65,,,,,8.61
203,THL01,199111,3.09,0.273,40.95,,,,,8.23
204,THL01,199112,2.13,0.133,21.84,,,,,8.36
205,THL01,199201,3.86,0.512,9.28,0.8,6.33,11.8,,7.99
206,THL01,199202,3.48,0.049,8.19,1.12,4.15,10.35,,8
207,THL01,199203,5.93,0.109,18.02,1.2,5.28,10.8,,8.05
208,THL01,199204,4.26,0.077,5.73,1.52,9.28,9.61,,8.14
209,THL01,199205,2.79,0.066,22.39,0.068,5.56,8.94,,8.14
210,THL01,199206,1.86,0.029,25.12,0,5.45,7.92,,8.88
211,THL01,199207,1.76,0.051,22.39,0.129,3.96,9.09,,8.73
212,THL01,199208,1.77,0.126,4.1,0.02,7.67,6.12,,8.36
213,THL01,199209,1.56,0.064,31.12,0.359,5.24,7.95,,8.56
214,THL01,199210,1.62,0.058,34.4,0.025,5.92,10.11,,8.96
215,THL01,199211,1.63,0.092,0,0.126,3.54,10.2,,7.78
216,THL01,199212,2.39,0.092,3.82,0.7,3.57,10.57,,7.98
217,THL01,199301,7.57,0.307,2.73,3.93,6.05,11.63,,7.78
218,THL01,199302,,,,,,,,
219,THL01,199303,7.62,0.153,8.19,30.56,5.35,10.21,,7.94
220,THL01,199304,7.06,0.167,34.94,1.23,6.02,11.89,,8.62
221,THL01,199305,1.49,0.021,13.65,0.736,3.44,8.88,,8.12
222,THL01,199306,2.45,0.038,35.49,0.765,5.72,8.82,,
223,THL01,199307,1.81,0.091,39,0.01,5.11,8.19,,8.88
224,THL01,199308,1,0.043,9.17,0.103,5.83,7.95,,8.9
225,THL01,199309,1.294,0.11,24.46,0.24,3.81,7.88,,8.3
226,THL01,199310,1.21,0.061,22.3,0.154,4.58,9.46,,8.82
227,THL01,199311,0.847,0.052,20.2,0.237,4.36,9.05,,8.3
228,THL01,199312,1.67,0.081,14.5,0.346,4.39,12.5,,8.1
229,THL01,199401,,,,,,,,
230,THL01,199402,,,,,,,,
231,THL01,199403,,,,,,,,
232,THL01,199404,,,,,,,,
233,THL01,199405,,,,,,,,
234,THL01,199406,4.36,0.184,,0.161,9.02,,,8.6
235,THL01,199407,1.28,0.21,22.4,0.029,11.56,7.83,,9.2
236,THL01,199408,2.05,0.075,39.9,0.18,6.86,9.53,,8.55
237,THL01,199409,4.07,0.149,,2.44,7.85,,,8.38
238,THL01,199410,5.03,0.135,,2.54,6.46,,,7.93
239,THL01,199411,3.57,0.042,,0.35,10.27,,,
240,THL01,199412,7.69,0.13,36,4.63,9.42,10.4,,8
241,THL01,199501,6.62,0.201,21.84,4.18,10.52,12.2,,7.05
242,THL01,199502,5.37,0.045,22.08,3.31,5.17,11.37,,
243,THL01,199503,6.84,0.36,10.92,4.09,11.04,9.49,,6.9
244,THL01,199504,5.18,0.206,3.9,2.38,4.44,9.16,,7.1
245,THL01,199505,8.91,0.228,26,3.34,10.89,9.62,,8.24
246,THL01,199506,2.99,0.15,69.3,0.11,8.69,9.28,,9.35
247,THL01,199507,3.37,0.222,181.2,0.072,14.5,10.16,,9.57
248,THL01,199508,2.06,0.169,42.4,0.07,4.86,8.08,,8.84
249,THL01,199509,1.56,0.151,66.5,0.21,4.52,7.19,,8.97
250,THL01,199510,4.83,0.134,67.5,2.64,6.03,9.55,,8.4
251,THL01,199511,2.53,0.15,48.21,1.18,6.41,10.2,,8.08
252,THL01,199512,2.55,0.117,20.09,0.468,5.51,11.07,,8.16
253,THL01,199601,,,,,,,,
254,THL01,199602,6.3,0.234,53.9,4.19,12.38,8.04,,8.16
255,THL01,199603,9.35,0.492,83.03,5.23,10.32,7.59,,8.25
256,THL01,199604,9.62,0.468,112.94,4.15,9.55,8.4,,8.5
257,THL01,199605,4.43,0.18,48.21,0.886,8.52,5.22,,8.28
258,THL01,199606,2.79,0.15,41.3,0.078,8.22,5.62,,8.83
259,THL01,199607,4.134,0.154,107.5,0.301,6.84,7.79,,8.08
260,THL01,199608,2.616,0.257,95.8,0.995,8.28,8.34,,8.99
261,THL01,199609,2.587,0.349,109.3,0.33,6.68,8.97,,9.06
262,THL01,199610,2.053,0.147,64.5,0.578,9.81,7.09,,8.98
263,THL01,199611,3.682,0.17,104.5,2.01,10.2,7.09,,9
264,THL01,199612,4.13,0.198,67.8,2.36,11085,7.19,,8.65
265,THL01,199701,4.57,0.082,44.1,1.13,6.27,12.1,,8
266,THL01,199702,,,,,,,,
267,THL01,199703,5.37,0.177,53.7,4.49,6.66,10.7,,8.34
268,THL01,199704,5.41,0.208,29.7,4.91,6.25,8.1,,8.19
269,THL01,199705,3.94,0.223,80.6,1.94,5.33,9.2,,8.76
270,THL01,199706,3.26,0.316,282,0.177,6.12,7.51,,8.95
271,THL01,199707,2.79,0.193,142,0.128,6.53,9.53,,9
272,THL01,199708,2.21,0.109,79.2,0.13,6.58,5.98,,9.2
273,THL01,199709,1.46,0.152,57.9,0.112,6.19,9.43,,9.17
274,THL01,199710,1.99,0.149,21.9,0.73,5.66,7.1,,8.17
275,THL01,199711,2.88,0.434,25.4,0.907,5.07,9.61,,8.11
276,THL01,199712,6.8,0.172,2.81,3.82,4.64,12.1,,8.04
277,THL01,199801,7.07,0.146,4.4,4.05,6.22,10.9,,8.23
278,THL01,199802,4.53,0.112,9.9,1.17,4.57,11.1,,8.1
279,THL01,199803,3.33,0.073,8.4,0.11,5.33,10.6,,8.07
280,THL01,199804,3.68,0.094,10.5,0.41,4.94,8.99,,8
281,THL01,199805,2.28,0.082,16.6,0.34,4.17,7.81,,8.03
282,THL01,199806,2.81,0.141,46.4,0.02,6.2,10.9,,8.27
283,THL01,199807,2.75,0.255,54.4,0.13,9.81,7.48,,8.92
284,THL01,199808,1.43,0.123,56.5,0.016,9.52,7.25,,9.52
285,THL01,199809,1.82,0.16,22.6,0.141,6.52,6.47,,8.6
286,THL01,199810,1.49,0.096,38.4,0.072,4.83,7.81,,8.51
287,THL01,199811,1.55,0.107,18.7,0.0069,5.58,9.54,,8.36
288,THL01,199812,3.5,0.121,17.4,1.12,5.08,10.1,,8.05
289,THL01,199901,4.59,0.168,7.9,1.63,4.99,10.96,,8.12
290,THL01,199902,4.03,0.129,4.2,0.5,4.28,11.3,,8.13
291,THL01,199903,3.9,0.07,6.87,0.111,4.08,10.5,,8.13
292,THL01,199904,3.73,0.117,49.9,0.319,4.92,9.25,,8.57
293,THL01,199905,3.51,0.128,13.2,0.44,4.33,7.92,,8.13
294,THL01,199906,4.99,0.148,37.4,2.82,5.56,7.37,,8.17
295,THL01,199907,2.75,0.062,23.5,0.003,4.91,10,,8.98
296,THL01,199908,1.21,0.065,43.7,0.046,7.44,9.38,,9.72
297,THL01,199909,1.39,0.153,30.6,0.043,5.76,8.16,,9.19
298,THL01,199910,2.66,0.15,19.6,0.848,6.48,9.53,,8.73
299,THL01,199911,5.3,0.17,42.5,2.88,6.25,11.2,,8.56
300,THL01,199912,5.12,0.362,20.6,2.33,6.06,12,,8.72
301,THL01,200001,7.68,0.198,1.74,5.06,5.28,9.97,,7.79
302,THL01,200002,4.1,0.182,27.4,1.356,6.19,12.4,,8.49
303,THL01,200003,5.31,0.154,2.28,1.222,6.57,8.82,,8.01
304,THL01,200004,5.01,0.146,14.8,1.581,5.41,9.15,,8.22
305,THL01,200005,5.02,0.218,46.9,1.883,6.14,9.33,,8.53
306,THL01,200006,2.741,0.129,58.6,0.036,5.7,14.11,,9.3
307,THL01,200007,3.106,0.228,130,0.031,6.84,10.58,,9.44
308,THL01,200008,2.7,0.2402,72.8,0.044,8.71,5.17,,8.55
309,THL01,200009,2.333,0.135,20.76,0.509,5.53,7.71,,8.4
310,THL01,200010,2.93,0.143,4.32,1.13,4.52,7.05,,7.89
311,THL01,200011,3.46,0.086,14.3,2.64,4.41,9.77,,8.08
312,THL01,200012,2.67,0.04,12.4,0.212,3.85,10.2,,8.14
313,THL01,200101,2.76,0.052,1.46,0.184,3.45,10.34,,8.16
314,THL01,200102,3.51,0.059,0.56,0.392,3.59,10.97,,7.98
315,THL01,200103,3,0.057,1.67,0.225,4.52,8.83,,8.16
316,THL01,200104,5.65,0.143,54.01,2.456,8.32,14.27,,8.94
317,THL01,200105,3.88,0.086,33.33,1.004,6.34,12.24,,8.96
318,THL01,200106,4.09,0.131,49.38,0.854,8.3,13.91,,8.72
319,THL01,200107,2.04,0.182,41.29,0.05,7.12,8.96,,8.98
320,THL01,200108,2.09,0.139,65.05,0.04,7.53,11.63,,8.31
321,THL01,200109,1.15,0.176,33.59,0.078,5.8,7.55,,8.25
322,THL01,200110,2.56,0.102,25.6,0.706,6.45,9.17,,8.87
323,THL01,200111,3.07,0.103,21.76,0.979,5.41,10.19,,8.28
324,THL01,200112,7.51,0.201,9.45,6.162,7.3,8.95,,7.97
325,THL01,200201,5.96,0.108,5.31,2.24,5.51,9.11,,7.99
326,THL01,200202,5.73,0.103,12.32,2.485,6.51,12.43,,8.01
327,THL01,200203,9.77,0.146,47.61,5.699,7.91,13.23,,8.37
328,THL01,200204,4.81,0.135,31.14,1.104,6.15,8.16,,8.36
329,THL01,200205,4.87,0.128,36.97,0.541,5.92,10.17,,8.14
330,THL01,200206,3.27,0.2,52.75,0.074,7.29,11.34,,8.98
331,THL01,200207,2.34,0.097,19.69,0.16,6.09,8.57,,8.27
332,THL01,200208,4.46,0.186,16.6,1.994,5.66,6.05,,7.73
333,THL01,200209,1.84,0.197,10.74,0.575,5.27,5.3,,8.02
334,THL01,200210,4.9,0.385,61.71,1.516,11.68,10.06,,8.78
335,THL01,200211,5.19,0.125,23.46,2.24,6.41,8.7,,8.44
336,THL01,200212,5.36,0.118,21.7,2.116,6.79,11.45,,8.74
337,THL01,200301,4.94,0.067,13.29,1.765,6.01,12.33,,8.35
338,THL01,200302,8.36,0.107,20.36,4.899,6.7,10.65,,8.3
339,THL01,200303,7.1,0.087,3.15,3.753,5.24,9.84,,8.14
340,THL01,200304,5.08,0.073,11.48,0.899,5.1,8.19,,8.18
341,THL01,200305,6.01,0.08,28.84,2.804,5.96,8.93,,8.37
342,THL01,200306,4.38,0.185,61.17,1.033,6.28,9.95,,8.13
343,THL01,200307,3.4,0.159,89.06,0.55,6.76,7.63,,8.32
344,THL01,200308,3.42,0.212,29.82,1.339,5.79,5.85,,8
345,THL01,200309,4.24,0.154,48.21,1.427,5.43,5.88,,7.85
346,THL01,200310,5.14,0.118,13.39,2.09,4.42,7.44,,8.01
347,THL01,200311,6.71,0.123,10.94,4.872,5.31,7.23,,7.94
348,THL01,200312,8.18,0.118,7.81,5.246,5.24,8.7,,8.06
349,THL01,200401,10.22,0.142,3.91,6.98,6.27,8.21,,7.92
350,THL01,200402,9.24,0.102,39.28,4.61,6.43,11.63,,8.27
351,THL01,200403,9.19,0.142,11.41,5.53,6.66,8.98,,8.05
352,THL01,200404,7.16,0.056,8.59,2.78,5.21,8.2,,8.03
353,THL01,200405,5.5,0.106,16.52,1.71,5.46,7.1,,7.9
354,THL01,200406,3.47,0.144,23.21,0.54,5.79,6.87,,8.38
355,THL01,200407,3.28,0.167,73.21,0.05,6.6,8.22,,8.53
356,THL01,200408,3.98,0.463,138.66,0.08,10.44,10.36,,8.3
357,THL01,200409,2.57,0.156,12.68,0.52,4.86,6.8,,7.8
358,THL01,200410,1.74,0.122,12.5,0.11,4.84,8.17,,8.14
359,THL01,200411,3.91,0.104,2.68,1.63,3.89,7.91,,8.07
360,THL01,200412,6.01,0.077,7.81,2.78,4.78,9.02,,8.01
361,THL01,200501,6.98,0.097,26.56,2.1,5.3,13.12,,8.29
362,THL01,200502,9.26,0.139,8.04,4.85,5.58,11.51,,7.98
363,THL01,200503,6.75,0.105,19.64,2.52,5.54,11.67,,8.17
364,THL01,200504,8.51,0.156,23.21,4.19,5.98,9.3,,8.23
365,THL01,200505,5.4,0.165,74.77,0.42,6.15,8.84,,8.04
366,THL01,200506,4.33,0.147,69.3,0.51,7.19,10.52,,8.42
367,THL01,200507,4.63,0.216,77.34,1.75,5.64,7.19,,7.89
368,THL01,200508,2.12,0.165,19.64,0.14,4.86,5.89,,7.85
369,THL01,200509,2.73,0.174,9.82,0.51,3.96,6.22,,7.88
370,THL01,200510,2.12,0.098,12.5,0.36,3.31,9.35,,7.85
371,THL01,200511,5.05,0.129,16.08,3.18,3.7,8.29,,7.94
372,THL01,200512,4.71,0.104,18.3,2.18,4.2,12.19,,7.46
373,THL01,200601,6.53,0.136,16.27,4.86,5.82,9.89,3.87,7.58
374,THL01,200602,8.85,0.131,6.25,4.19,5.5,11.43,3.48,7.55
375,THL01,200603,9.49,0.125,5.42,5.03,5.56,9.75,2.43,7.95
376,THL01,200604,8.05,0.134,8.93,2.99,5.79,8.92,3.5,8.05
377,THL01,200605,6.86,0.186,38.39,1.81,6.02,8.8,7.18,7.44
378,THL01,200606,5.07,0.187,16.96,0.32,7.13,9.53,3.47,7.55
379,THL01,200607,4.49,0.36,23.44,0.07,7.92,7.99,5.07,8.06
380,THL01,200608,4.52,0.471,81.24,0.07,11.39,6.56,7.03,8.72
381,THL01,200609,3.79,0.172,13.39,1.55,5.34,5.34,6.51,7.98
382,THL01,200610,3.77,0.141,27.68,1.62,6.73,8.74,6.8,8.26
383,THL01,200611,4.39,0.142,6.7,2.25,5.94,7.82,2.45,7.94
384,THL01,200612,5.26,0.108,7.42,2.86,5.22,8.15,3.3,7.83
385,THL03,199101,,,,,,,,
386,THL03,199102,,,,,,,,
387,THL03,199103,,,,,,,,
388,THL03,199104,,,,,,,,
389,THL03,199105,,,,,,,,
390,THL03,199106,,,,,,,,
391,THL03,199107,,,,,,,,
392,THL03,199108,,,,,,,,
393,THL03,199109,,,,,,,,
394,THL03,199110,0.385,0.048,12.28,,,,,7.77
395,THL03,199111,1.3,0.15,24.57,,,,,8.66
396,THL03,199112,1.69,0.108,22.38,,,,,8.55
397,THL03,199201,2.81,0.073,7.64,,,,,7.94
398,THL03,199202,3.13,0.014,8.74,,,,,8.06
399,THL03,199203,3.67,0.102,5.46,,,,,7.94
400,THL03,199204,3.43,0.064,6.82,,,,,8.13
401,THL03,199205,2.7,0.015,9.28,,,,,8.6
402,THL03,199206,1.77,0.047,30.58,,,,,9.2
403,THL03,199207,1.73,0.056,8.41,,,,,8.27
404,THL03,199208,1.84,0.117,97.73,,,,,9.52
405,THL03,199209,3.4,0.092,76.44,,7.35,,,8.64
406,THL03,199210,1.26,,19.66,,5.17,,,9.01
407,THL03,199211,1.54,0.091,5.04,,4.35,,,8.05
408,THL03,199212,1.55,0.074,6.01,,3.2,,,8.02
409,THL03,199301,3.33,0.185,2.18,,4.82,,,7.78
410,THL03,199302,,,,,,,,
411,THL03,199303,4.96,0.165,3.6,,4.4,,,7.08
412,THL03,199304,5.89,0.084,4.91,,3.32,,,8.19
413,THL03,199305,1.33,0.021,,,3.37,,,8.31
414,THL03,199306,3.15,0.104,122.3,,7.62,,,
415,THL03,199307,1.66,0.045,29.5,,,,,8.5
416,THL03,199308,1.14,0.052,32.4,,5.86,,,8.9
417,THL03,199309,0.933,0.1,32.49,,3.96,,,8.5
418,THL03,199310,0.933,0.057,19.2,,4.27,,,8.64
419,THL03,199311,0.632,0.034,13.1,,3.61,,,8.1
420,THL03,199312,1.61,0.065,10.5,,4.25,,,8
421,THL03,199401,,,,,,,,
422,THL03,199402,,,,,,,,
423,THL03,199403,,,,,,,,
424,THL03,199404,,,,,,,,
425,THL03,199405,2.6,0.037,,,3.18,,,8.79
426,THL03,199406,1.25,0.059,,,4.3,,,9.05
427,THL03,199407,1.24,0.157,29.6,,4.13,,,9.05
428,THL03,199408,1.69,0.052,19.1,,6.88,,,8.4
429,THL03,199409,1.32,0.118,,,4.79,,,8.9
430,THL03,199410,4.43,0.12,,,5.57,,,8.02
431,THL03,199411,1.98,0.072,,,10.22,,,
432,THL03,199412,,0.092,6.01,,4.83,,,7.91
433,THL03,199501,3.14,0.205,19.82,,10.62,,,7
434,THL03,199502,4.27,0.016,8.07,,4.23,,,
435,THL03,199503,5.07,0.183,0.55,,5.93,,,7.1
436,THL03,199504,4.9,0.123,9.37,,5.23,,,7.35
437,THL03,199505,3.04,0.131,11.62,,4.99,,,8.33
438,THL03,199506,5.13,0.208,142,,12.8,,,9.46
439,THL03,199507,1.83,0.089,25.7,,5.2,,,8.95
440,THL03,199508,2.19,0.156,32.4,,4.66,,,8.8
441,THL03,199509,1.29,0.164,46.5,,3.34,,,9.08
442,THL03,199510,0.8,0.083,26.56,,5.63,,,8.59
443,THL03,199511,2.3,0.183,18.41,,6.5,,,7.98
444,THL03,199512,2.39,0.088,17.97,,5.44,,,8.25
445,THL03,199601,6.6,0.403,27.91,,,6.38,,8.07
446,THL03,199602,5.55,0.23,44.19,,,5.79,,8.25
447,THL03,199603,6.26,0.254,55.62,,,6.07,,8.21
448,THL03,199604,5.85,0.269,83.48,,,5.99,,8.47
449,THL03,199605,4.09,0.143,18.41,,,5.35,,8.65
450,THL03,199606,2.745,0.151,89.3,,,6.64,,9.07
451,THL03,199607,2.337,0.07,23.6,,,4.79,,8.09
452,THL03,199608,2.112,0.208,105.9,,,8.34,,9.53
453,THL03,199609,1.49,0.203,46.8,,,6.49,,9.13
454,THL03,199610,1.556,0.133,57.3,,,7.45,,9.1
455,THL03,199611,2.375,0.132,75.3,,,7.67,,8.71
456,THL03,199612,2.8,0.109,57.8,,,5.98,,8.68
457,THL03,199701,3.15,0.12,33.1,0.451,,12,,8.13
458,THL03,199702,,,,,,,,
459,THL03,199703,4.08,0.121,9.91,0.895,,0.008,,8.25
460,THL03,199704,4.27,0.191,9.9,1.59,,0.069,,8.65
461,THL03,199705,3.42,0.265,7.76,1.21,,0.2,,8.68
462,THL03,199706,1.97,0.163,8.65,0.106,,0.003,,8.94
463,THL03,199707,1.78,0.115,69.1,,,,,8.72
464,THL03,199708,1.57,0.116,67.96,,,,,9.25
465,THL03,199709,1.27,0.1,40.8,,,,,9.05
466,THL03,199710,1.46,0.097,22.1,,,,,8.25
467,THL03,199711,4.07,0.134,20.6,,,,,8.18
468,THL03,199712,6.12,0.193,5.73,,,,,8.08
469,THL03,199801,6.06,0.13,9.6,3.19,,,,8.23
470,THL03,199802,4.27,0.115,11.5,1.15,,10.7,,8.13
471,THL03,199803,3.3,0.075,9.6,0.14,,,,8.15
472,THL03,199804,3.34,0.082,32.9,0.19,,,,8.6
473,THL03,199805,3.01,0.151,16.8,0.35,,8.62,,8.05
474,THL03,199806,2.26,0.09,10.6,0,,,,8.21
475,THL03,199807,2.97,0.186,83.1,0.156,,,,9.08
476,THL03,199808,2.25,0.117,96,0.016,,,,9.83
477,THL03,199809,3.5,0.284,51.6,0.066,,,,9.02
478,THL03,199810,1.05,0.077,20.1,0.068,,,,8.57
479,THL03,199811,0.934,0.098,9.2,0.097,,,,8.43
480,THL03,199812,2.49,0.077,16.8,0.617,,,,8.27
481,THL03,199901,1.81,0.074,3.1,0.115,,,,8.23
482,THL03,199902,2.18,0.112,4.1,0.18,,11.7,,8.23
483,THL03,199903,1.76,0.043,5.89,0.039,,,,8.07
484,THL03,199904,2.16,0.084,18,0.035,,,,8.37
485,THL03,199905,3.35,0.09,16,0.126,,8.69,,8.22
486,THL03,199906,2.16,0.083,6.03,0.115,,,,8.28
487,THL03,199907,3.03,0.049,8.6,0.005,,,,8.7
488,THL03,199908,1.21,0.057,27.3,0.025,,,,9.67
489,THL03,199909,0.774,0.068,10.8,0.009,,,,8.84
490,THL03,199910,5.25,0.179,44,0.854,,,,9.1
491,THL03,199911,3.15,0.144,36.4,1.24,,,,8.84
492,THL03,199912,3.7,0.239,24.8,1.21,,,,8.78
493,THL03,200001,5.27,0.087,2.37,1.883,,,,8.01
494,THL03,200002,3.57,0.143,28.6,0.886,,12.5,,8.47
495,THL03,200003,3.15,0.082,1.16,0.176,,8.85,,7.88
496,THL03,200004,3.77,0.112,5,0.384,,8.6,,8.33
497,THL03,200005,3.93,0.1347,31.8,0.6,,8.41,,8.57
498,THL03,200006,2.492,0.113,36.9,0.019,,8.72,,9.06
499,THL03,200007,1.306,0.092,32.6,0.031,,9.05,,9.02
500,THL03,200008,1.287,0.1214,22.6,0.025,,5.85,,8.31
501,THL03,200009,1.235,0.105,10.88,0.054,,7.66,,8.41
502,THL03,200010,1.15,0.084,8.91,0.055,,9.17,,8.51
503,THL03,200011,1.46,0.059,5.52,0.101,,10.19,,8.24
504,THL03,200012,2.29,0.023,8.3,0.284,,10.2,,8.23
505,THL03,200101,2.25,0.056,3.38,0.141,,10.79,,8.32
506,THL03,200102,3.32,0.047,2.03,0.388,,10.76,,8.23
507,THL03,200103,2.72,0.058,2.54,0.142,,9.42,,8.15
508,THL03,200104,2.37,0.062,5,0.02,,9.15,,8.33
509,THL03,200105,3.12,0.075,9.58,0.41,,9.25,,8.75
510,THL03,200106,1.61,0.079,18.61,0.042,,9.78,,8.87
511,THL03,200107,1.61,0.102,25.91,0.021,,7.53,,8.8
512,THL03,200108,1.42,0.119,61.25,0.011,,12,,8.63
513,THL03,200109,1.12,0.12,1.96,0.091,,7.13,,8.26
514,THL03,200110,1.31,0.103,17.45,0.024,,9.32,,8.97
515,THL03,200111,3.21,0.099,17.49,1.014,,11.42,,8.52
516,THL03,200112,3.04,0.073,9.11,0.748,,11.46,,8.24
517,THL03,200201,3.22,0.063,3.91,0.744,,9.34,,8.1
518,THL03,200202,4.31,0.032,2.63,0.68,,10.36,,7.98
519,THL03,200203,3.4,0.039,3.85,0.477,,9.03,,8.12
520,THL03,200204,4.57,0.085,13.73,0.679,,8.1,,8.26
521,THL03,200205,3.51,0.088,24.38,0.023,,9.48,,8.37
522,THL03,200206,2.59,0.141,22.31,0.051,,10.85,,9.03
523,THL03,200207,2.26,0.081,15.18,0.094,,8.97,,8.65
524,THL03,200208,1.56,0.104,12.15,0.098,,7.74,,8.17
525,THL03,200209,1.43,0.128,15.75,0.046,,6.59,,8.3
526,THL03,200210,10.92,2.133,521.73,0.034,,11.81,,9.29
527,THL03,200211,2.77,0.11,7.81,0.361,,9.44,,8.38
528,THL03,200212,2.22,0.054,8.98,0.383,,11.02,,8.57
529,THL03,200301,3.06,0.053,5.42,0.591,,12.31,,8.35
530,THL03,200302,4.02,0.039,9.58,0.948,,10.87,,8.3
531,THL03,200303,4.93,0.095,1.7,1.541,,10.43,,8.41
532,THL03,200304,5.04,0.077,10.3,0.885,,8.64,,8.22
533,THL03,200305,4.36,0.066,22.81,0.662,,8.18,,8.28
534,THL03,200306,3.73,0.137,49.52,0.255,,8.79,,8.63
535,THL03,200307,3.45,0.116,48.83,0.391,,6.61,,8.17
536,THL03,200308,1.52,0.172,23.16,0.101,,6.38,,8.35
537,THL03,200309,1.56,0.131,8.93,0.132,,6.88,,8.25
538,THL03,200310,2.95,0.119,7.14,0.591,,8.37,,8.09
539,THL03,200311,2.33,0.077,7.98,0.306,,9.93,,8.18
540,THL03,200312,4.96,0.07,10.16,2.123,,11.57,,8.28
541,THL03,200401,6.09,0.088,4.79,2.98,,10.8,,8.14
542,THL03,200402,6.96,0.111,14.28,2.76,,10.99,,8.23
543,THL03,200403,6.76,0.12,4.69,2.82,,9.35,,8.15
544,THL03,200404,5.96,0.059,4.69,1.53,,8.18,,8.04
545,THL03,200405,5.23,0.083,11.72,1.57,,7.2,,7.99
546,THL03,200406,3.91,0.113,14.28,0.84,,6.28,,8.18
547,THL03,200407,3.3,0.108,33.03,0.07,,7.04,,8.3
548,THL03,200408,3.31,0.335,49.48,0.07,,8.4,,8.09
549,THL03,200409,1.86,0.155,10.94,0.17,,7.6,,8.08
550,THL03,200410,2.11,0.085,6.25,0.31,,8.03,,8.06
551,THL03,200411,3.11,0.074,3.57,0.93,,8.66,,8.16
552,THL03,200412,3.77,0.069,6.25,1.14,,9.84,,8.16
553,THL03,200501,4.36,0.066,5.47,0.88,,12.07,,8.17
554,THL03,200502,9.63,0.159,6.34,5.89,,11.82,,7.99
555,THL03,200503,8.3,0.123,12.5,3.06,,11.02,,8.11
556,THL03,200504,5.12,0.09,35.71,0.8,,10.42,,8.64
557,THL03,200505,4.58,0.146,59.15,0.11,,8.9,,8.21
558,THL03,200506,3.14,0.105,23.21,0.04,,8.51,,8.43
559,THL03,200507,1.93,0.149,28.57,0.05,,7.52,,8.1
560,THL03,200508,1.9,0.135,27.68,0.19,,6.44,,7.95
561,THL03,200509,2.74,0.193,17.86,0.14,,7.01,,7.97
562,THL03,200510,1.96,0.113,18.75,0.2,,9.43,,8.02
563,THL03,200511,1.81,0.085,8.04,0.07,,9.2,,8.12
564,THL03,200512,4.33,0.134,27.68,1.64,,12.35,,7.73
565,THL03,200601,5.1,0.105,19.76,2.67,,11.25,2.24,7.74
566,THL03,200602,5.68,0.173,4.46,1.99,,11.41,1.81,7.73
567,THL03,200603,9.46,0.132,3.57,4.84,,9.85,4.54,8.01
568,THL03,200604,7.69,0.142,8.04,2.82,,8.82,4.44,8.11
569,THL03,200605,6.21,0.146,48.21,1.67,,9.19,7.43,7.76
570,THL03,200606,3.68,0.131,11.61,0.1,,8.98,3.09,7.69
571,THL03,200607,4.41,0.324,30.2,0.07,,7.68,3.61,8.07
572,THL03,200608,2.17,0.22,21.43,0.06,,7.12,4.57,8.92
573,THL03,200609,3.06,0.294,24.55,0.25,,6.96,4.3,8.04
574,THL03,200610,4.22,0.221,31.81,0.42,,8.77,6.4,8.49
575,THL03,200611,3.22,0.141,13.39,0.46,,8.34,3.27,8.07
576,THL03,200612,4.73,0.093,5.86,1.54,,9.65,2.59,8.01
577,THL04,199101,,,,,,,,
578,THL04,199102,,,,,,,,
579,THL04,199103,,,,,,,,
580,THL04,199104,,,,,,,,
581,THL04,199105,,,,,,,,
582,THL04,199106,,,,,,,,
583,THL04,199107,,,,,,,,
584,THL04,199108,,,,,,,,
585,THL04,199109,,,,,,,,
586,THL04,199110,0.514,0.08,21.78,,,,,7.8
587,THL04,199111,1.033,0.239,9.93,,,,,8.29
588,THL04,199112,1.01,0.079,18.02,,,,,8.43
589,THL04,199201,2.11,0.087,10.37,,,,,8.07
590,THL04,199202,2.16,0.022,13.65,,,,,8.21
591,THL04,199203,2.41,0.061,13.38,,,,,8.06
592,THL04,199204,3.67,0.061,7.1,,,,,8.09
593,THL04,199205,2.11,0.087,10.37,,,,,8.07
594,THL04,199206,2.16,0.022,13.65,,,,,8.21
595,THL04,199207,4.54,0.225,327.6,,,,,9.89
596,THL04,199208,1.45,0.094,57.33,,,,,9.38
597,THL04,199209,2.7,0.061,49.69,,5.4,,,8.73
598,THL04,199210,1.3,,13.65,,4.91,,,8.6
599,THL04,199211,1.3,0.1,7.1,,4.55,,,8.1
600,THL04,199212,2.08,0.099,7.37,,3.6,,,8.04
601,THL04,199301,1.92,0.124,2.1,,4.88,,,7.86
602,THL04,199302,,,,,,,,
603,THL04,199303,4.24,0.1,4.13,,4.13,,,8.02
604,THL04,199304,5.48,0.044,5.46,,3.18,,,8.17
605,THL04,199305,1.34,0.013,,,3.17,,,8.22
606,THL04,199306,2.61,0.072,73.71,,6.13,,,
607,THL04,199307,2.06,0.072,77.1,,6.76,,,8.98
608,THL04,199308,1.5,0.052,32.4,,6.43,,,8.5
609,THL04,199309,1.063,0.75,14.14,,3.26,,,8.3
610,THL04,199310,0.909,0.064,14.9,,4.42,,,8.55
611,THL04,199311,0.721,0.041,13.1,,3.47,,,8.1
612,THL04,199312,1.68,0.08,16.2,,4.35,,,7.8
613,THL04,199401,,,,,,,,
614,THL04,199402,,,,,,,,
615,THL04,199403,,,,,,,,
616,THL04,199404,,,,,,,,
617,THL04,199405,2.6,0.037,,,3.4,,,8.7
618,THL04,199406,1.12,0.039,,,4.14,,,8.4
619,THL04,199407,1.67,0.133,28.7,,4.53,,,9.61
620,THL04,199408,3.83,0.037,24.3,,6.31,,,8.85
621,THL04,199409,1.39,0.122,,,5.01,,,8.6
622,THL04,199410,4.36,0.126,,,5.9,,,8.05
623,THL04,199411,1.88,0.063,,,10.38,,,
624,THL04,199412,4.03,0.107,8.68,,4.83,,,7.9
625,THL04,199501,3.19,0.11,0.56,,5.48,,,7.1
626,THL04,199502,3.83,0.037,8.21,,3.89,,,
627,THL04,199503,3.93,0.157,4.37,,6.19,,,7.2
628,THL04,199504,5.16,0.15,6.77,,4.75,,,7.4
629,THL04,199505,3.35,0.152,9.96,,5.28,,,8.42
630,THL04,199506,4.88,0.185,182.5,,12.2,,,9.47
631,THL04,199507,1.84,0.062,19,,3.85,,,8.59
632,THL04,199508,1.66,0.142,27.2,,4.76,,,8.93
633,THL04,199509,1.19,0.13,43.5,,4.09,,,9.08
634,THL04,199510,1.03,0.081,29.69,,5.07,,,8.64
635,THL04,199511,2.14,0.091,8.37,,3.58,,,7.98
636,THL04,199512,2.25,0.091,21.04,,5.31,,,8.33
637,THL04,199601,6.72,0.396,29.13,,,6.97,,8.08
638,THL04,199602,4.19,0.185,31.11,,,5.33,,8.2
639,THL04,199603,6.21,0.233,49.91,,,6.24,,8.25
640,THL04,199604,6.66,0.26,112.4,,,7.01,,8.64
641,THL04,199605,4.52,0.169,8.37,,,5.62,,8.41
642,THL04,199606,2.934,0.149,107,,,7.4,,9.15
643,THL04,199607,2.164,0.082,22.5,,,4.62,,8.03
644,THL04,199608,1.56,0.146,30.1,,,4.81,,8.87
645,THL04,199609,1.61,0.201,47.5,,,7,,9.25
646,THL04,199610,1.589,0.132,66.9,,,8.03,,9.26
647,THL04,199611,1.691,0.091,26.4,,,5.9,,8.72
648,THL04,199612,2.81,0.093,47.8,,,5.74,,8.79
649,THL04,199701,2.69,0.078,16.4,,4.64,,,8.06
650,THL04,199702,4.13,0.129,47.9,,6.66,,,8.4
651,THL04,199703,3.66,0.118,21.8,,5.41,,,8.08
652,THL04,199704,3.73,0.155,75.3,,6.39,,,8.68
653,THL04,199705,3.47,0.202,54.1,,4.66,,,8.7
654,THL04,199706,1.84,0.191,147,,5.5,,,9.32
655,THL04,199707,1.77,0.12,104.5,,6.02,,,8.88
656,THL04,199708,1.72,0.112,61.07,,5.5,,,9.12
657,THL04,199709,1.2,0.096,42,,5.82,,,9.08
658,THL04,199710,1.08,0.112,11.5,,5.23,,,8.29
659,THL04,199711,5.29,0.162,20,,5.51,,,8.12
660,THL04,199712,6.57,0.217,4.02,,4.82,,,8.1
661,THL04,199801,5.67,0.139,8.5,2.84,5.66,,,8.28
662,THL04,199802,5.1,0.151,10.3,1.44,5.27,10.6,,8.12
663,THL04,199803,3.79,0.073,7.8,0.07,4.64,,,8.15
664,THL04,199804,3.03,0.059,11.4,0.13,4.64,,,8.1
665,THL04,199805,2.55,0.074,2.1,0.19,3.54,8.47,,8.01
666,THL04,199806,2.35,0.083,9.9,0.01,2.4,,,8.15
667,THL04,199807,3,0.195,98.4,0.132,11,,,9.3
668,THL04,199808,2.1,0.103,104.2,0.051,14.7,8.63,,9.93
669,THL04,199809,1.54,0.151,26.5,0.024,6.24,,,8.83
670,THL04,199810,1.19,0.071,15.1,0.041,4.12,,,8.64
671,THL04,199811,0.939,0.047,9,0.065,4.31,9.5,,8.44
672,THL04,199812,1.26,0.058,12.3,0.074,3.93,,,8.31
673,THL04,199901,2.63,0.072,0.73,0.103,3.49,,,8.24
674,THL04,199902,2.58,0.125,4,0.253,3.95,11.6,,8.25
675,THL04,199903,2.4,0.088,20.4,0.088,5.17,,,8.46
676,THL04,199904,3.34,0.08,19,0.134,4.08,,,8.26
677,THL04,199905,3.93,0.095,26.5,0.456,4.76,9.17,,8.24
678,THL04,199906,2.18,0.061,6.25,0.027,3.44,,,8.27
679,THL04,199907,2.45,0.055,8.3,0.011,3.95,,,8.55
680,THL04,199908,1.13,0.057,21.7,0.011,7.2,7.87,,9.53
681,THL04,199909,0.702,0.042,15.5,0.008,3.83,,,8.52
682,THL04,199910,2.64,0.26,131,0.018,13.9,,,9.92
683,THL04,199911,1.63,0.116,9.64,0.331,5.02,10.4,,8.43
684,THL04,199912,2.72,0.71,10.4,0.524,6.04,,,8.83
685,THL04,200001,3.87,0.062,7.63,1.062,4.45,,,8.1
686,THL04,200002,3.54,0.107,14.2,0.669,5.57,12.1,,8.18
687,THL04,200003,3.06,0.067,0.6,0.239,4.56,9.28,,7.93
688,THL04,200004,3.91,0.07,7.8,0.093,5.09,8.49,,8.32
689,THL04,200005,2.88,0.1048,24.7,0.026,5.26,9.29,,8.73
690,THL04,200006,1.521,0.073,17.7,0.019,5.13,7.36,,8.73
691,THL04,200007,1.277,0.07,25.8,0.034,5.92,7.39,,8.8
692,THL04,200008,1.144,0.0613,11.8,0.176,5.31,5.51,,7.96
693,THL04,200009,2.442,0.183,48.38,0.083,6.83,7.75,,8.68
694,THL04,200010,1.38,0.097,10.62,0.1,4.82,8.33,,8.38
695,THL04,200011,1.3,0.042,3.74,0.078,3.7,9.91,,8.15
696,THL04,200012,1.67,0.034,6.9,0.018,3.98,10.5,,8.24
697,THL04,200101,1.99,0.053,1.98,0.133,3.36,10.34,,8.28
698,THL04,200102,1.46,0.062,1.79,0.087,3.46,11.46,,8.27
699,THL04,200103,2.86,0.058,0,0.187,3.86,9.35,,8.14
700,THL04,200104,2.36,0.062,3.04,0.062,3.68,9.03,,8.21
701,THL04,200105,2.39,0.059,11.25,0.12,5.17,7.48,,8.85
702,THL04,200106,2.75,0.098,34.82,0.038,8.46,10.22,,8.95
703,THL04,200107,1.56,0.067,7.05,0.082,4.65,5.85,,8.22
704,THL04,200108,1.07,0.097,33.73,0.01,7.17,10.51,,8.95
705,THL04,200109,0.88,0.081,0,0.048,4.54,6.88,,8.11
706,THL04,200110,1.68,0.115,17.81,0.026,6.33,8.61,,8.78
707,THL04,200111,2.57,0.127,17.83,0.513,5.35,9.96,,8.35
708,THL04,200112,1.47,0.079,4.57,0.075,4.22,11.57,,8.24
709,THL04,200201,2.25,0.068,2.79,0.278,4.09,10.22,,8.08
710,THL04,200202,2.14,0.028,2.08,0.1,3.79,11.65,,8.05
711,THL04,200203,3.29,0.045,4.34,0.49,3.75,8.82,,8.09
712,THL04,200204,4.07,0.073,4.8,0.478,4.23,7.98,,8.18
713,THL04,200205,3.02,0.082,15,0.031,3.96,9.02,,8.31
714,THL04,200206,2.93,0.11,23.57,0.037,5.29,9.96,,8.84
715,THL04,200207,2.25,0.099,11.16,0.11,5.7,8.02,,8.53
716,THL04,200208,1.65,0.119,17.28,0.096,5.64,7.54,,8.16
717,THL04,200209,2.04,0.242,30.47,0.217,6.63,6.32,,8.34
718,THL04,200210,2.1,0.232,69.75,0.024,10.35,10.32,,9.09
719,THL04,200211,1.72,0.118,4.42,0.038,5.07,9.41,,8.49
720,THL04,200212,3.21,0.13,20.46,0.352,6.88,10.99,,8.63
721,THL04,200301,2.01,0.046,8.48,0.207,4.85,12.43,,8.31
722,THL04,200302,3.58,0.04,10.69,0.63,4.78,11.35,,8.33
723,THL04,200303,4.77,0.099,2.46,1.456,4.84,10.35,,8.49
724,THL04,200304,5.25,0.075,16.29,1.426,5.43,8.62,,8.25
725,THL04,200305,3.7,0.073,14.42,0.192,4.1,8.13,,8.27
726,THL04,200306,3.09,0.099,33.98,0.024,5.86,7.95,,8.65
727,THL04,200307,2.32,0.092,29.93,0.038,4.97,6.67,,8.37
728,THL04,200308,1.49,0.159,39.26,0.078,5.94,6.42,,8.48
729,THL04,200309,1.81,0.109,8.04,0.127,4.49,6.72,,8.26
730,THL04,200310,2.82,0.202,8.04,0.41,4.87,8.34,,8.12
731,THL04,200311,2.29,0.108,11.72,0.111,4.28,9.81,,8.29
732,THL04,200312,4.01,0.09,10.94,1.383,4.2,11.02,,8.26
733,THL04,200401,3.97,0.078,4.82,1.23,4,11.15,,8.18
734,THL04,200402,4.28,0.08,7.14,1,4.61,10.99,,8.16
735,THL04,200403,6.5,0.099,7.13,2.73,5.77,9.54,,8.17
736,THL04,200404,5.78,0.06,6.25,1.15,4.78,8.54,,8.04
737,THL04,200405,4.56,0.084,13.47,0.51,4.64,7.59,,8.03
738,THL04,200406,3.69,0.062,15.18,0.09,4.43,7.66,,8.49
739,THL04,200407,2.99,0.106,24.11,0.05,4.86,6.8,,8.22
740,THL04,200408,1.55,0.155,44.27,0.04,5.85,8.12,,8.29
741,THL04,200409,1.94,0.107,13.28,0.11,4.77,6.84,,8.12
742,THL04,200410,2.61,0.11,6.25,0.5,4.53,7.7,,8.05
743,THL04,200411,2.03,0.074,7.14,0.2,4.17,8.85,,8.21
744,THL04,200412,4.51,0.089,16.07,1.48,4.93,10.08,,8.17
745,THL04,200501,4.55,0.059,3.12,1.07,4.19,11.99,,8.11
746,THL04,200502,9.67,0.155,5.98,5.72,6.06,11.61,,8
747,THL04,200503,7.43,0.126,13.39,3.01,5.62,10.65,,8.05
748,THL04,200504,5.19,0.097,24.55,0.26,4.74,9.21,,8.47
749,THL04,200505,4.29,0.12,23.44,0.42,4.47,8.74,,8.1
750,THL04,200506,3.43,0.131,34.82,0.02,6.71,9.32,,8.54
751,THL04,200507,2.04,0.116,35.71,0.05,4.46,6.71,,8.09
752,THL04,200508,2.18,0.155,22.32,0.21,4.74,6.44,,7.98
753,THL04,200509,2.41,0.147,25,0.17,4.16,9.28,,8.07
754,THL04,200510,1.7,0.104,8.93,0.16,2.95,9.3,,8.08
755,THL04,200511,2.16,0.098,8.68,0.17,3.16,9.22,,8.15
756,THL04,200512,4.07,0.148,8.04,1.6,3.89,12.04,,7.84
757,THL04,200601,5.84,0.143,16.27,3.42,5.83,11.36,3.06,7.83
758,THL04,200602,6.11,0.135,4.46,2.65,4.93,10.77,2.24,7.83
759,THL04,200603,7.48,0.111,16.96,1.97,4.95,10.53,5.98,8.03
760,THL04,200604,5.77,0.066,11.61,0.65,4.71,9.32,3.35,8.1
761,THL04,200605,5.54,0.122,40.18,0.16,5.71,9.48,2.99,7.84
762,THL04,200606,3.59,0.126,16.96,0.07,5.58,8.06,2.68,7.85
763,THL04,200607,5.45,0.389,28.12,0.04,8.35,8.32,5.17,8.38
764,THL04,200608,3.53,0.228,34.82,0.03,7.98,8.4,5.78,8.71
765,THL04,200609,2.81,0.3,12.28,0.09,6.44,6.45,4.19,8.05
766,THL04,200610,4.18,0.234,55.8,0.13,8.34,8.15,6.34,8.39
767,THL04,200611,3.71,0.153,16.07,0.47,6.69,8.01,3.08,8.07
768,THL04,200612,3.75,0.088,5.37,0.65,4.8,10.22,2.56,8.1
769,THL05,199101,,,,,,,,
770,THL05,199102,,,,,,,,
771,THL05,199103,,,,,,,,
772,THL05,199104,,,,,,,,
773,THL05,199105,,,,,,,,
774,THL05,199106,,,,,,,,
775,THL05,199107,,,,,,,,
776,THL05,199108,,,,,,,,
777,THL05,199109,,,,,,,,
778,THL05,199110,0.471,0.026,29.04,,,,,7.93
779,THL05,199111,0.954,0.104,9.28,,,,,8.23
780,THL05,199112,1.32,0.066,9.83,,,,,8.39
781,THL05,199201,2.24,0.032,12.01,,,,,8.15
782,THL05,199202,2.2,0.057,14.74,,,,,8.15
783,THL05,199203,3.66,0.044,11.47,,,,,8.28
784,THL05,199204,2.45,0.02,10.37,,,,,8.47
785,THL05,199205,1.7,0.044,39.31,,,,,9.28
786,THL05,199206,2.24,0.032,12.01,,,,,8.15
787,THL05,199207,1.81,0.083,22.93,,,,,8.9
788,THL05,199208,0.78,0.071,18.56,,,,,8.67
789,THL05,199209,2.39,0.051,33.85,,5.62,,,8.88
790,THL05,199210,1.48,,6.01,,4.41,,,8.34
791,THL05,199211,1.59,0.093,7.64,,4.8,,,8.15
792,THL05,199212,2.38,0.099,5.19,,3.54,,,8.02
793,THL05,199301,2.52,0.089,1.91,0.538,4.51,13.34,,7.88
794,THL05,199302,,,,,,,,
795,THL05,199303,4.5,0.125,4.2,0.88,4.74,10.57,,7.78
796,THL05,199304,6.24,0.068,1.39,0.56,3.41,9.75,,8.04
797,THL05,199305,1.38,0.037,17.47,0.049,3.31,9.33,,8.36
798,THL05,199306,5.8,0.182,126.67,0.085,7.88,9.51,,
799,THL05,199307,1.8,0.039,14.7,0.021,3.74,9.15,,8.65
800,THL05,199308,1.444,0.044,7.17,0.079,4.25,7.98,,7.95
801,THL05,199309,1.08,0.037,12.61,0.01,3.43,8.38,,8.4
802,THL05,199310,1.09,0.044,13.5,0.128,4.7,8.93,,8.52
803,THL05,199311,0.884,0.029,9.83,0.181,3.3,9.04,,8
804,THL05,199312,1.53,0.06,9.34,0.195,4,12.5,,7.7
805,THL05,199401,,,,,,,,
806,THL05,199402,,,,,,,,
807,THL05,199403,,,,,,,,
808,THL05,199404,,,,,,,,
809,THL05,199405,2.16,0.032,,0.241,3.47,,,8.75
810,THL05,199406,0.816,0.035,,0.043,3.84,,,8.5
811,THL05,199407,1.07,0.097,49,0.075,4.02,10,,9.62
812,THL05,199408,2.69,0.034,21.9,0.22,5.52,8.8,,8.55
813,THL05,199409,1.58,0.145,,0.103,5.54,,,8.8
814,THL05,199410,1.67,0.102,,0.133,4.65,,,8.18
815,THL05,199411,2.27,0.059,,0.14,10.82,,,
816,THL05,199412,2.59,0.056,4.52,0.316,4.33,10.8,,7.91
817,THL05,199501,2.23,0.092,6.01,0.42,5.24,12.4,,7
818,THL05,199502,2.69,0.034,10.19,1.04,4.19,11.09,,
819,THL05,199503,2.91,0.152,0.6,0.485,5.88,10.1,,7.3
820,THL05,199504,2.47,0.101,3.93,0.29,3.54,9.88,,7.5
821,THL05,199505,3.2,0.15,7.64,0.44,5.08,8.16,,8.37
822,THL05,199506,2.69,0.096,12.5,0.12,4.68,7.97,,8.62
823,THL05,199507,1.79,0.054,6.16,0.105,2.96,6.89,,8.35
824,THL05,199508,1.88,0.2,42.3,0.047,5.8,7.17,,9.36
825,THL05,199509,1.55,0.145,44.4,0.132,4.24,7.92,,9.21
826,THL05,199510,1.67,0.101,44.58,0.361,7.59,10.35,,8.8
827,THL05,199511,2.4,0.121,9.21,0.296,3.96,9.98,,8.01
828,THL05,199512,2.05,0.076,6.75,0.269,3.88,11.46,,8.18
829,THL05,199601,2.27,0.108,12.05,0.359,11.06,4.7,,7.96
830,THL05,199602,5.71,0.285,51.43,3.61,12.28,6.56,,8.27
831,THL05,199603,5.66,0.212,49.22,2.91,10.42,6.04,,8.16
832,THL05,199604,5.95,0.257,79.06,2.07,9.78,6.4,,8.48
833,THL05,199605,3.37,0.108,9.21,0.012,8.43,4.1,,8.18
834,THL05,199606,2.662,0.114,92.6,0.203,6.31,7.032,,9.12
835,THL05,199607,1.66,0.059,23.4,0.189,7.1,3.79,,8.2
836,THL05,199608,1.423,0.153,41.7,0.254,7.46,5.95,,9
837,THL05,199609,1.287,0.139,34.8,0.144,7.21,5.68,,9.27
838,THL05,199610,1.659,0.136,64.8,0.191,8.78,8.03,,9.4
839,THL05,199611,1.626,0.059,29.4,0.172,11.04,5.81,,8.62
840,THL05,199612,2.62,0.075,18.3,0.314,11.42,4.61,,8.25
841,THL05,199701,3.44,0.107,13.3,0.573,5.9,12.1,,8.05
842,THL05,199702,3.39,0.096,33.5,0.927,5.58,11.1,,8.23
843,THL05,199703,3.16,0.108,28.9,0.215,5.46,10,,8.13
844,THL05,199704,3.32,0.122,46.1,0.176,5.87,9.48,,8.56
845,THL05,199705,3.85,0.221,46.1,0.789,4.84,7.76,,8.51
846,THL05,199706,1.8,0.128,160,0.105,4.73,8.24,,9.3
847,THL05,199707,1.04,0.07,20.5,0.093,4.03,7.85,,8.54
848,THL05,199708,1.23,0.058,45.11,0.088,3.72,7.17,,8.94
849,THL05,199709,1.02,0.105,33.6,0.144,5.13,8.3,,8.94
850,THL05,199710,0.834,0.083,8.28,0.005,4.38,8.35,,8.27
851,THL05,199711,1.5,0.135,11.6,0.106,5.62,10.3,,8.17
852,THL05,199712,2.66,0.159,10.49,0.719,4.64,13.2,,8.06
853,THL05,199801,2.91,0.087,6.6,0.71,6.09,11.5,,8.29
854,THL05,199802,5.03,0.157,10.6,1.36,5.13,10.7,,8.15
855,THL05,199803,3.76,0.06,3.1,0.15,4.74,10.9,,8.1
856,THL05,199804,3.14,0.051,5.5,0.14,4,8.8,,8.1
857,THL05,199805,2.47,0.091,9.6,0.13,4.08,8.38,,8.09
858,THL05,199806,2.36,0.086,5.7,0,2.95,8.06,,8.17
859,THL05,199807,2,0.139,24.1,0.17,6.88,5.69,,9.12
860,THL05,199808,3.69,0.167,166.3,0.026,15.6,12.6,,10.1
861,THL05,199809,1.03,0.068,20.8,0.013,5.57,7.67,,8.88
862,THL05,199810,1.26,0.065,16.4,0.053,5.32,8.2,,8.72
863,THL05,199811,1.57,0.071,10.2,0.057,4.45,9.5,,8.39
864,THL05,199812,1.26,0.049,8.65,0.094,3.93,11.2,,8.25
865,THL05,199901,1.54,0.063,1.9,0.068,3.46,11.9,,8.2
866,THL05,199902,3.21,0.101,5.9,0.226,5.01,11.9,,8.2
867,THL05,199903,2.25,0.067,13.7,0.004,4.67,10.8,,8.22
868,THL05,199904,3.01,0.031,10.3,0.094,3.55,8.9,,8.3
869,THL05,199905,3.23,0.088,17.2,0.235,4.2,8.58,,8.24
870,THL05,199906,1.9,0.064,6.03,0.055,3.78,7.77,,8.34
871,THL05,199907,2.46,0.036,5.2,0.007,3.98,8.32,,8.69
872,THL05,199908,0.852,0.048,7,0.017,5.07,7.23,,9.06
873,THL05,199909,0.822,0.073,20.4,0.018,4.44,7.92,,8.73
874,THL05,199910,1.43,0.13,59.5,0.018,7.43,10.9,,9.61
875,THL05,199911,1.3,0.099,24.2,0.015,6.61,10.3,,8.61
876,THL05,199912,2.26,0.131,5.89,0.275,4.93,11,,8.4
877,THL05,200001,2.28,0.033,7.83,0.158,4.34,12.37,,8.43
878,THL05,200002,2.98,0.089,18.1,0.367,5.17,12.2,,8.26
879,THL05,200003,3.86,0.085,1.87,0.241,5.2,9.53,,7.98
880,THL05,200004,3.46,0.077,6.3,0.155,4.71,8.3,,8.26
881,THL05,200005,2.57,0.093,20.4,0.033,5.22,9.79,,8.59
882,THL05,200006,1.385,0.055,8.8,0.018,4.74,7.55,,8.83
883,THL05,200007,1.643,0.041,11.9,0.05,4.23,7.45,,8.62
884,THL05,200008,0.846,0.0541,15.2,0.032,4.86,6.89,,8.48
885,THL05,200009,1.856,0.112,34.65,0.036,6.61,8.28,,8.76
886,THL05,200010,1.79,0.144,40.78,0.022,4.56,9.01,,8.65
887,THL05,200011,1.57,0.063,7.61,0.033,4.16,10.19,,8.21
888,THL05,200012,1.59,0.043,6.16,0.017,4.29,10.3,,8.17
889,THL05,200101,1.66,0.092,0.65,0.105,3.93,10.91,,8.86
890,THL05,200102,1.83,0.062,3.55,0.118,3.69,11.34,,8.2
891,THL05,200103,2.53,0.089,2.96,0.116,4.64,9.91,,8.21
892,THL05,200104,2.5,0.077,0.69,0.068,3.95,8.98,,8.22
893,THL05,200105,2.06,0.045,3.32,0.035,3.74,8.95,,8.85
894,THL05,200106,2.06,0.075,8.15,0.109,5.03,8.37,,8.45
895,THL05,200107,1.48,0.053,6.66,0.06,3.95,6.18,,8.25
896,THL05,200108,0.72,0.064,19.33,0.007,5.45,8.8,,8.81
897,THL05,200109,0.97,0.084,0.86,0.052,5.07,7.22,,8.47
898,THL05,200110,1.01,0.08,9.24,0.029,5.46,9.04,,8.85
899,THL05,200111,1.36,0.061,9.58,0.112,4.51,10.14,,8.34
900,THL05,200112,1.08,0.066,5.71,0.055,4.1,11.57,,8.19
901,THL05,200201,2.13,0.052,2.81,0.212,4.19,10.75,,8.15
902,THL05,200202,3.43,0.035,3.91,0.439,5.11,11.13,,8.02
903,THL05,200203,3.01,0.049,3.82,0.407,3.8,9.29,,8.14
904,THL05,200204,3.65,0.063,6.38,0.099,4.34,8.08,,8.16
905,THL05,200205,2.9,0.047,5.22,0.038,3.57,8.19,,8.19
906,THL05,200206,2.75,0.115,57.42,0.058,7.16,9.86,,8.93
907,THL05,200207,2.45,0.082,10.23,0.116,5.87,7.72,,8.42
908,THL05,200208,1.54,0.124,17.44,0.105,5.43,,,8.1
909,THL05,200209,1.03,0.117,19.42,0.094,4.88,6.61,,8.25
910,THL05,200210,1.72,0.153,32.19,0.011,8.29,9.09,,8.98
911,THL05,200211,1.49,0.073,3.12,0.069,4.73,9.22,,8.33
912,THL05,200212,1.88,0.064,7.16,0.06,5.08,10.59,,8.54
913,THL05,200301,2.2,0.046,5.98,0.26,4.64,12.29,,8.28
914,THL05,200302,3.59,0.051,7.83,0.277,4.65,11.27,,8.31
915,THL05,200303,4.27,0.093,2.53,1.071,4.66,10.56,,8.54
916,THL05,200304,5.12,0.086,12.81,0.925,5.13,8.45,,8.27
917,THL05,200305,3.42,0.087,7.64,0.058,3.79,8.13,,8.11
918,THL05,200306,2.73,0.084,19.42,0.03,4.79,8.09,,8.63
919,THL05,200307,1.76,0.08,17.84,0.031,4.44,6.99,,8.45
920,THL05,200308,1.4,0.123,35.51,0.049,5.55,6.9,,8.42
921,THL05,200309,1.56,0.096,25,0.08,4.65,7.23,,8.29
922,THL05,200310,1.93,0.107,5.36,0.179,4.32,8.55,,8.24
923,THL05,200311,2.53,0.097,7.81,0.224,3.96,10,,8.06
924,THL05,200312,4.34,0.095,11.89,1.422,3.9,11.23,,8.27
925,THL05,200401,3.45,0.075,3.21,0.84,3.69,11.38,,8.13
926,THL05,200402,4.8,0.103,8.04,1.31,5.23,10.82,,8.17
927,THL05,200403,5.9,0.108,3.91,1.97,5.19,9.69,,8.15
928,THL05,200404,5.63,0.082,9.37,1.01,4.66,8.84,,8.02
929,THL05,200405,4.29,0.072,10.94,0.37,4.67,7.56,,8.01
930,THL05,200406,3.98,0.095,12.5,0.09,4.44,7.75,,8.38
931,THL05,200407,2.77,0.079,16.96,0.04,4.46,6.64,,8.21
932,THL05,200408,2.05,0.209,99.6,0.05,8.2,12.42,,8.77
933,THL05,200409,3.63,0.309,62.5,0.05,8.38,8.9,,8.22
934,THL05,200410,3.93,0.295,83.92,0.07,9.61,9.72,,8.5
935,THL05,200411,2.04,0.074,8.04,0.28,4.35,8.97,,8.25
936,THL05,200412,2.69,0.065,8.04,0.41,3.8,10.04,,8.19
937,THL05,200501,4.2,0.069,3.91,0.9,4.11,12.13,,8.13
938,THL05,200502,6.58,0.111,7.42,2.75,5.17,11.9,,8.06
939,THL05,200503,6.25,0.119,13.39,2.54,5.48,10.94,,8.14
940,THL05,200504,4.62,0.076,24.11,0.06,4.83,10.25,,8.62
941,THL05,200505,4.26,0.129,35.71,0.23,4.88,8.6,,8.17
942,THL05,200506,3.29,0.131,13.39,0.05,5.77,8.43,,8.44
943,THL05,200507,2.53,0.144,2.68,0.06,4.91,7.6,,8.13
944,THL05,200508,1.94,0.127,15.18,0.16,4.58,6.47,,8.01
945,THL05,200509,2.08,0.102,8.48,0.06,3.18,6.99,,8.07
946,THL05,200510,1.65,0.074,4.69,0.17,3.05,10.32,,8.19
947,THL05,200511,2.14,0.103,9.62,0.12,3.41,9.47,,8.17
948,THL05,200512,5.32,0.195,7.14,2.69,4.18,11.96,,7.89
949,THL05,200601,4.32,0.11,15.18,1.38,4.84,11.85,1.94,7.92
950,THL05,200602,7.09,0.138,5.8,3.13,5.12,11.29,2.23,7.89
951,THL05,200603,7.76,0.1,6.25,1.66,4.94,10.47,4.44,8.03
952,THL05,200604,5.63,0.073,8.04,0.73,4.73,9.51,1.36,8.1
953,THL05,200605,4.65,0.099,22.32,0.21,5.24,9.19,1.86,7.91
954,THL05,200606,4.91,0.202,28.57,0.05,7.03,10.27,3.47,7.98
955,THL05,200607,3.87,0.277,47.32,0.04,8.24,10.53,3.63,9
956,THL05,200608,3.13,0.232,43.75,0.05,7.84,6.56,4.26,8.92
957,THL05,200609,2.34,0.232,11.16,0.1,6.67,7.3,4,8.1
958,THL05,200610,3.32,0.201,34.04,0.06,7.67,7.48,5.24,8.37
959,THL05,200611,2.55,0.18,23.66,0.06,7.15,9.03,2.24,8.27
960,THL05,200612,2.26,0.081,5.8,0.33,4.98,10.39,1.75,8.14
961,THL06,199101,,,,,,,,
962,THL06,199102,,,,,,,,
963,THL06,199103,,,,,,,,
964,THL06,199104,,,,,,,,
965,THL06,199105,,,,,,,,
966,THL06,199106,,,,,,,,
967,THL06,199107,,,,,,,,
968,THL06,199108,,,,,,,,
969,THL06,199109,,,,,,,,
970,THL06,199110,0.689,0.023,15.08,,,,,7.85
971,THL06,199111,0.829,0.134,8.74,,,,,8.15
972,THL06,199112,1.2,0.078,3.28,,,,,8.29
973,THL06,199201,1.18,0.033,9.83,,,,,8.17
974,THL06,199202,2.31,0.053,6.28,,,,,8.05
975,THL06,199203,3.12,0.04,12.01,,,,,8.55
976,THL06,199204,2.67,0.02,9.28,,,,,8.43
977,THL06,199205,1.88,0.033,11.47,,,,,8.62
978,THL06,199206,1.18,0.033,9.83,,,,,8.17
979,THL06,199207,1.21,0.044,16.82,,,,,8.44
980,THL06,199208,0.66,0.051,7.64,,,,,8.82
981,THL06,199209,1.26,0.047,9.17,,4.6,,,8.28
982,THL06,199210,1.27,,4.91,,3.27,,,8.2
983,THL06,199211,1.44,0.084,1.64,,4.18,,,7.97
984,THL06,199212,1.96,0.086,16.05,,3.45,,,8.02
985,THL06,199301,10.14,0.448,3,4.24,6.94,5.75,,7.39
986,THL06,199302,,,,,,,,
987,THL06,199303,10.07,0.912,12.31,8.2,9.19,1.62,,7.26
988,THL06,199304,5.46,0.065,11.65,0.89,4.5,7.71,,7.86
989,THL06,199305,2.01,0.06,13.65,1.45,4.43,5.75,,7.69
990,THL06,199306,4.51,0.158,20.75,1.153,6.08,3.76,,
991,THL06,199307,2.2,0.104,17.5,0.534,5.48,4.1,,7.6
992,THL06,199308,2.99,0.265,92.99,0.729,8.91,3.25,,7.42
993,THL06,199309,2.937,0.23,12.61,1.608,6.81,1.14,,7.5
994,THL06,199310,1.24,0.143,23.2,0.112,5.49,8.74,,8.44
995,THL06,199311,4.79,0.406,11.5,3.08,8.03,1.09,,7.1
996,THL06,199312,1.95,0.052,12.2,0.352,3.97,12,,7.65
997,THL06,199401,,,,,,,,
998,THL06,199402,,,,,,,,
999,THL06,199403,,,,,,,,
1000,THL06,199404,,,,,,,,
1001,THL06,199405,7.36,0.264,,5.04,7.01,,,7.7
1002,THL06,199406,4.45,0.275,,2.04,7.73,,,8.8
1003,THL06,199407,10.4,1.44,94.7,0.105,10.84,14.09,,9.49
1004,THL06,199408,3.69,0.076,12.8,1.08,6.07,3.39,,7.8
1005,THL06,199409,3.5,0.293,,2.36,7.5,,,7.3
1006,THL06,199410,4.45,0.188,,3.07,9.78,,,7.6
1007,THL06,199411,2.27,0.059,,3.95,11,,,
1008,THL06,199412,7.6,0.443,4.02,4.68,13.46,3.74,,7.4
1009,THL06,199501,5.06,0.184,2.73,3.84,10.22,7.01,,6.9
1010,THL06,199502,3.69,0.076,10.19,1.53,4.84,10.21,,
1011,THL06,199503,10.36,0.617,11.79,7.77,12.18,4.87,,7.2
1012,THL06,199504,6.1,0.375,11.14,3.75,6.73,8.25,,7.55
1013,THL06,199505,6.26,0.397,1.46,3.94,8.38,3.65,,7.8
1014,THL06,199506,5.5,0.344,87,2.84,9.32,3.03,,7.35
1015,THL06,199507,2.18,0.171,17.4,0.279,4.57,5.71,,8.07
1016,THL06,199508,1.89,0.146,22.35,0.096,4.78,7.37,,8.52
1017,THL06,199509,3.45,0.136,20.2,2.02,8.68,3.23,,7
1018,THL06,199510,5.23,0.157,29.69,3.71,6.89,2.81,,7.36
1019,THL06,199511,5.11,0.273,14.06,4,5.97,6.16,,7.57
1020,THL06,199512,12.65,1.033,12.5,8.63,10.73,0.45,,7.33
1021,THL06,199601,21.93,1.459,14.04,16.39,0.21,13.66,,7.31
1022,THL06,199602,12.17,0.928,39.74,3.59,7.72,12.44,,7.66
1023,THL06,199603,9,0.569,67.88,5.93,7.86,8.41,,7.41
1024,THL06,199604,8.5,0.569,59.55,4.64,8.08,9.22,,7.89
1025,THL06,199605,10.3,0.794,14.06,5.1,3.58,9.62,,7.53
1026,THL06,199606,4.889,0.27,102,3.058,7.1,7.7,,8.47
1027,THL06,199607,3.64,0.216,107,0.686,4.39,7.92,,7.74
1028,THL06,199608,2.866,0.294,29.3,1.873,2.23,6.18,,7.76
1029,THL06,199609,3.419,0.324,129.5,0.131,4.95,8.67,,8.27
1030,THL06,199610,3.774,0.133,37.2,5.406,5.1,7.44,,7.82
1031,THL06,199611,4.149,0.222,13.9,3.239,3.91,5.61,,7.43
1032,THL06,199612,3.08,0.167,27.6,0.691,10.84,6.22,,8.31
1033,THL06,199701,11.29,0.208,17.4,9.1,12.14,0.88,,7.31
1034,THL06,199702,,,,,,,,
1035,THL06,199703,11.61,0.624,17.4,9.16,10.63,1.99,,7.54
1036,THL06,199704,13.4,0.746,29.1,8.65,9.8,0.37,,7.49
1037,THL06,199705,5.66,0.802,55.8,3.01,6.63,4.15,,7.61
1038,THL06,199706,4.79,0.228,112,3.03,5.21,4.73,,7.72
1039,THL06,199707,5.13,0.366,61.3,4.31,7.48,3.99,,7.87
1040,THL06,199708,3.14,0.201,36.33,0.099,4.37,2.16,,7.77
1041,THL06,199709,3.48,0.234,102.7,1.45,8,7.86,,8.12
1042,THL06,199710,6.04,0.295,25.7,4.83,8.63,1.09,,7.47
1043,THL06,199711,8.16,0.417,8.22,5.47,7.13,2.04,,7.4
1044,THL06,199712,6.81,0.223,2.63,3.77,5.63,4.32,,7.42
1045,THL06,199801,7.58,0.26,3.2,3.11,6.89,6.07,,7.63
1046,THL06,199802,3.77,0.145,13.8,0.57,6,10.8,,8.12
1047,THL06,199803,6.54,0.298,6.2,2.23,6.76,4.58,,7.59
1048,THL06,199804,4.1,0.122,27.3,1.15,6.29,9.29,,7.7
1049,THL06,199805,5.92,0.525,16.7,3.13,7.58,0.74,,7.46
1050,THL06,199806,5.73,0.404,38.3,5.47,1.35,,,7.83
1051,THL06,199807,3.14,0.256,13.2,1.97,5.91,,,7.64
1052,THL06,199808,2.09,0.106,16.4,0.995,5.1,2.25,,7.81
1053,THL06,199809,2.76,0.29,23.1,1.339,3.42,3.29,,7.88
1054,THL06,199810,2.94,0.168,25.8,1.088,4.86,5.04,,7.71
1055,THL06,199811,2.57,0.152,35,0.397,5.14,10.3,,8.51
1056,THL06,199812,2.22,0.089,15.4,0.413,4.78,11.4,,8.21
1057,THL06,199901,5.21,0.297,8.3,2.65,6.12,9.67,,8.03
1058,THL06,199902,7.47,0.48,7,5.6,7.19,5.4,,7.75
1059,THL06,199903,5.42,0.262,9.43,1.61,5.21,10.2,,8.13
1060,THL06,199904,5.36,0.294,52.4,2.15,5.82,7.62,,8.05
1061,THL06,199905,3.72,0.17,19.4,0.665,4.7,7.72,,8.21
1062,THL06,199906,5.37,0.322,12.6,1.33,6.75,4.51,,7.53
1063,THL06,199907,4.13,0.194,64.8,0.019,7.81,9.4,,9.15
1064,THL06,199908,3.09,0.113,82.9,0.496,8.96,6.9,,8.92
1065,THL06,199909,2.82,0.166,53,0.738,6.29,3.75,,7.65
1066,THL06,199910,3.58,0.171,7.95,2.06,6.71,3.65,,7.67
1067,THL06,199911,4.6,0.28,15.7,2.91,6.58,4.4,,7.75
1068,THL06,199912,7.88,1.11,7.25,5.86,8.95,1.46,,7.42
1069,THL06,200001,5.74,0.144,8.75,2.422,4.84,9.19,,7.95
1070,THL06,200002,7.38,0.338,16.6,4.93,8.83,5.43,,7.76
1071,THL06,200003,6.08,0.354,8.99,3.154,8.61,8.21,,7.97
1072,THL06,200004,3.03,0.136,16.7,0.03,5.06,8.19,,7.94
1073,THL06,200005,2.69,0.1283,26,0.014,5.26,9.16,,8.78
1074,THL06,200006,2.93,0.255,75.5,0.022,7.43,11.01,,9.37
1075,THL06,200007,6.928,0.063,236,1.068,12,5.05,,8.53
1076,THL06,200008,3.598,0.1227,30.6,1.53,4.99,3.88,,7.54
1077,THL06,200009,2.773,0.094,16.25,0.673,5.09,5.96,,7.88
1078,THL06,200010,4.61,0.184,20.23,2.798,5.74,4.18,,7.64
1079,THL06,200011,4.24,0.132,13.9,1.68,4.02,7.64,,7.86
1080,THL06,200012,4.6,0.075,10.6,1.53,4.51,8.9,,7.83
1081,THL06,200101,7.4,0.186,4.73,3.148,6.09,6.7,,7.82
1082,THL06,200102,2.74,0.091,5.08,0.459,3.88,11.41,,8.19
1083,THL06,200103,2.65,0.094,4.57,0.138,4.83,9.83,,8.1
1084,THL06,200104,5.93,0.166,10.63,1.939,6.22,8.79,,8.11
1085,THL06,200105,9.27,0.136,54.09,2.591,11.34,8.71,,7.96
1086,THL06,200106,4.84,0.239,107.67,0.233,11.13,14.74,,9.16
1087,THL06,200107,4.43,0.374,32.86,2.866,7.36,3.47,,7.82
1088,THL06,200108,3.89,0.186,45.63,0.664,7.08,10.43,,8.23
1089,THL06,200109,2.14,0.192,20.04,0.393,6.61,6.75,,7.84
1090,THL06,200110,4.3,0.166,28.08,1.966,6.01,7.8,,8.15
1091,THL06,200111,6.97,0.278,13.78,4.55,6.28,5.6,,7.86
1092,THL06,200112,4.71,0.128,2.04,1.951,5.32,9.79,,7.99
1093,THL06,200201,7.68,0.147,14.95,3.899,7.74,6.88,,7.73
1094,THL06,200202,7.3,0.259,12.41,4.626,7.71,6.36,,7.79
1095,THL06,200203,9.42,0.296,11.72,6.126,7.67,3.18,,7.65
1096,THL06,200204,6.62,0.194,66.29,2.072,8.17,9.15,,8.27
1097,THL06,200205,5.92,0.338,15.91,3.36,6.78,4.77,,7.53
1098,THL06,200206,2.51,0.121,12.66,0.044,3.05,8.26,,8.35
1099,THL06,200207,4.86,0.435,20.42,2.763,6.34,0.93,,7.47
1100,THL06,200208,3.01,0.174,19.74,1.131,5.39,6.49,,7.92
1101,THL06,200209,4.46,0.347,45,2.26,6.24,3.17,,7.76
1102,THL06,200210,4.9,0.231,54.14,2.414,6.54,7.57,,8.09
1103,THL06,200211,6.53,0.195,15.82,3.846,6.24,8.1,,8.19
1104,THL06,200212,6.67,0.22,10.74,3.714,6.91,6.7,,7.93
1105,THL06,200301,4.92,0.107,11.45,1.889,6.13,9.46,,7.66
1106,THL06,200302,8.84,0.232,14.64,5.955,6.11,5.96,,7.84
1107,THL06,200303,8.65,0.166,4.38,4.848,5.71,9.22,,8.37
1108,THL06,200304,5.41,0.137,11.25,0.925,5.14,7.87,,8.1
1109,THL06,200305,7.71,0.333,23.12,5.368,7.04,4.57,,7.73
1110,THL06,200306,4.11,0.195,66.99,0.255,7.73,13.42,,8.86
1111,THL06,200307,4.59,0.287,41.98,2.128,6.41,3.44,,7.68
1112,THL06,200308,3.42,0.175,24.9,1.285,4.69,6.58,,8.05
1113,THL06,200309,4.03,0.181,28.57,1.713,5.43,5.93,,7.95
1114,THL06,200310,4.16,0.123,4.46,2.058,4.39,4.15,,7.67
1115,THL06,200311,7.3,0.164,10.16,4.941,5.92,4.58,,7.66
1116,THL06,200312,10.75,0.228,6.34,6.963,6.55,2.27,,7.66
1117,THL06,200401,11.62,0.216,3.91,7.04,7.35,1.89,,7.62
1118,THL06,200402,9.95,0.26,25.89,5.48,6.26,9.64,,8.06
1119,THL06,200403,12.71,0.29,18.75,7.43,9.28,6.19,,7.84
1120,THL06,200404,9.08,0.183,7.23,5.02,6.92,4.46,,7.7
1121,THL06,200405,7.64,0.187,12.86,5.18,5.91,2.66,,7.64
1122,THL06,200406,6.52,0.171,16.96,2.94,5.96,2.58,,7.66
1123,THL06,200407,3.53,0.219,72.54,0.68,6.6,6.76,,8.1
1124,THL06,200408,4.59,0.207,31.25,2,5.27,4.38,,7.7
1125,THL06,200409,4.76,0.181,13.67,1.56,4.82,4.43,,7.79
1126,THL06,200410,5.01,0.174,22.32,2.26,5.06,3.59,,7.56
1127,THL06,200411,8.34,0.164,8.04,5.6,5.83,2.49,,7.61
1128,THL06,200412,10.27,0.242,8.93,6.69,6.8,1.23,,7.53
1129,THL06,200501,10.28,0.252,5.47,6.07,8.42,4.16,,7.64
1130,THL06,200502,5.72,0.185,7.18,1.48,6.35,11.84,,8.02
1131,THL06,200503,10.37,0.296,15.18,7.4,7.04,2.46,,7.49
1132,THL06,200504,8.84,0.198,16.96,6.62,5.8,2.79,,8.03
1133,THL06,200505,7.81,0.198,17.86,4.94,5.71,3.28,,8.03
1134,THL06,200506,5.35,0.159,67.85,2.57,7.02,7.34,,8.17
1135,THL06,200507,5.07,0.172,21.43,2.66,4.85,3.57,,7.89
1136,THL06,200508,3.09,0.195,54.46,0.47,5.59,4.47,,8
1137,THL06,200509,5.07,0.261,72.32,1.45,6.27,5.99,,7.87
1138,THL06,200510,4.83,0.194,41.96,1.71,4.83,9.12,,8.01
1139,THL06,200511,7.37,0.224,6.45,2.99,4.53,2.22,,7.97
1140,THL06,200512,10.72,0.247,3.57,7.04,5.35,3.44,,7.82
1141,THL06,200601,13.14,0.3,4.69,9.21,7.69,1.43,6.26,7.79
1142,THL06,200602,9.31,0.119,8.04,4.54,5.7,8.08,3.5,7.84
1143,THL06,200603,8.27,0.135,6.25,3.05,5.23,10.09,6.34,8.01
1144,THL06,200604,9.16,0.248,12.05,3.39,7.12,3.48,5.7,8.03
1145,THL06,200605,7.55,0.174,13.39,2.79,5.71,1.8,5.22,7.8
1146,THL06,200606,7.66,0.414,48.21,1.76,10.13,10.63,5.2,8.05
1147,THL06,200607,3.21,0.176,17.86,0.73,5.71,4.72,6.67,7.99
1148,THL06,200608,6.79,0.59,98.43,1.05,11.98,5.5,6.68,8.69
1149,THL06,200609,5.89,0.198,19.64,2.04,5.06,2.12,5.53,7.97
1150,THL06,200610,2.42,0.136,9.82,0.37,6.21,7.41,4.74,8.14
1151,THL06,200611,2.83,0.102,12.05,1.09,5.72,9.16,3.46,8.13
1152,THL06,200612,9.05,0.188,1.98,5.94,6.94,1.65,4.21,7.57
1153,THL07,199101,,,,,,,,
1154,THL07,199102,,,,,,,,
1155,THL07,199103,,,,,,,,
1156,THL07,199104,,,,,,,,
1157,THL07,199105,,,,,,,,
1158,THL07,199106,,,,,,,,
1159,THL07,199107,,,,,,,,
1160,THL07,199108,,,,,,,,
1161,THL07,199109,,,,,,,,
1162,THL07,199110,,,,,,,,
1163,THL07,199111,0.607,0.024,16.19,,,,,7.92
1164,THL07,199112,0.95,0.098,9.83,,,,,8.17
1165,THL07,199201,1.15,0.071,8.74,,,,,8.26
1166,THL07,199202,1.73,0.039,11.47,,,,,8.1
1167,THL07,199203,2.27,0.096,18.02,,,,,8.06
1168,THL07,199204,2.45,0.029,16.93,,,,,8.9
1169,THL07,199205,2.84,0.029,7.1,,,,,8.25
1170,THL07,199206,1.84,0.033,7.1,,,,,8.49
1171,THL07,199207,1.02,0.062,0,,,,,8.67
1172,THL07,199208,,0.039,12.23,,6.54,,,9
1173,THL07,199209,0.754,0.033,9.56,,,,,8.17
1174,THL07,199210,0.97,,6.55,,3.76,,,8.17
1175,THL07,199211,1.48,0.076,0.57,,3.53,,,7.88
1176,THL07,199212,2.3,0.097,16.05,,3.38,,,8.04
1177,THL07,199301,1.66,0.114,4.59,,3.61,,,7.87
1178,THL07,199302,,,,,,,,
1179,THL07,199303,3.28,0.06,5.41,,4.13,,,7.78
1180,THL07,199304,4.77,0.059,9.28,,3.64,,,8.22
1181,THL07,199305,1.38,0.06,,,3.52,,,8.44
1182,THL07,199306,2.48,0.083,54.05,,3.65,,,
1183,THL07,199307,1.75,0.054,9.8,,4.49,,,8.5
1184,THL07,199308,1.38,0.017,7.24,,3.03,,,8.3
1185,THL07,199309,0.965,0.027,8.41,,4.06,,,8.1
1186,THL07,199310,1.2,0.028,10,,3.92,,,8.3
1187,THL07,199311,1.36,0.064,7.03,,3.33,,,7.35
1188,THL07,199312,2.06,0.029,,,3.83,,,8
1189,THL07,199401,,,,,,,,
1190,THL07,199402,,,,,,,,
1191,THL07,199403,,,,,,,,
1192,THL07,199404,,,,,,,,
1193,THL07,199405,1.09,0.032,,,2.61,,,8.3
1194,THL07,199406,1.34,0.085,11,,3.92,,,8.6
1195,THL07,199407,1.11,0.042,16.8,,3.62,,,8.53
1196,THL07,199408,1.42,0.103,,,4.97,,,8.4
1197,THL07,199409,1.45,0.135,,,4.97,,,7.95
1198,THL07,199410,2.11,0.091,,,5.8,,,
1199,THL07,199411,1.69,0.088,6.53,,10.25,,,8
1200,THL07,199412,1.7,0.097,6.55,,6.22,,,7
1201,THL07,199501,2.11,0.022,4.47,,5.22,,,
1202,THL07,199502,2.08,0.133,2.18,,3.42,,,7.35
1203,THL07,199503,2.91,0.13,5.9,,5.93,,,7.6
1204,THL07,199504,2.22,0.092,3.8,,4.23,,,8.29
1205,THL07,199505,2.5,0.069,9.37,,3.31,,,8.26
1206,THL07,199506,1.65,0.029,2.89,,3.63,,,8.28
1207,THL07,199507,1.65,0.029,2.89,,2.41,,,8.28
1208,THL07,199508,1.89,0.075,17.3,,3.68,,,8.89
1209,THL07,199509,2.7,0.191,157.6,,4.95,,,9.67
1210,THL07,199510,1.67,0.057,29.75,,5.59,,,8.8
1211,THL07,199511,1.79,0.121,3.91,,2.98,,,7.9
1212,THL07,199512,1.94,0.103,9.37,,3.6,,,8.05
1213,THL07,199601,1.72,0.133,10.24,,,4.79,,7.87
1214,THL07,199602,2.93,0.081,14.56,,,5.38,,7.98
1215,THL07,199603,1.7,0.1,9.77,,,4.35,,7.94
1216,THL07,199604,4.93,0.193,38.17,,,5.93,,8.25
1217,THL07,199605,3.18,0.114,3.91,,,4.64,,8.2
1218,THL07,199606,2.912,0.052,40.2,,,5.89,,8.61
1219,THL07,199607,1.977,0.035,7.16,,,3.21,,7.97
1220,THL07,199608,1.503,0.099,11.4,,,3.93,,8.16
1221,THL07,199609,1.076,0.065,15.1,,,4.2,,8.64
1222,THL07,199610,1.877,0.08,32.4,,,6.82,,8.98
1223,THL07,199611,2.768,0.033,5.69,,,4,,8.09
1224,THL07,199612,2.6,0.061,9.02,,,4.32,,8.17
1225,THL07,199701,1.83,0.082,4.73,,3.59,,,7.92
1226,THL07,199702,3.11,0.12,11,,4.84,,,8.08
1227,THL07,199703,3.05,0.107,14.3,,4.61,,,8.1
1228,THL07,199704,3.51,0.128,27.8,,4.64,,,8.44
1229,THL07,199705,3.24,0.16,52.2,,4.77,,,8.73
1230,THL07,199706,2.72,0.1,77.6,,4.5,,,8.76
1231,THL07,199707,1.14,0.67,13.39,,3.64,,,8.29
1232,THL07,199708,1.01,0.044,35.35,,4.69,,,8.83
1233,THL07,199709,0.916,0.051,19.8,,4.11,,,8.71
1234,THL07,199710,0.683,0.046,5.8,,4.33,,,8.22
1235,THL07,199711,2.12,0.116,34.15,,6.21,,,8.29
1236,THL07,199712,2.45,0.099,14.12,,4.32,,,8.1
1237,THL07,199801,1.52,0.094,5.9,0.17,5.11,,,8.22
1238,THL07,199802,1.87,0.099,6.2,0.19,3.9,11.3,,8.16
1239,THL07,199803,3.95,0.283,4.3,0.2,4.54,,,7.97
1240,THL07,199804,3.28,0.038,9.3,0.04,4,,,7.9
1241,THL07,199805,2.6,0.073,7.1,0.05,3.75,9.45,,8
1242,THL07,199806,2.68,0.072,5.2,0.04,2.25,5.14,,8.13
1243,THL07,199807,1.98,0.063,4.8,0.071,3.45,2.16,,8.16
1244,THL07,199808,0.68,0.005,1.2,0.026,3.73,7.16,,9
1245,THL07,199809,0.706,0.054,6.8,0.003,4.07,,,8.55
1246,THL07,199810,1.25,0.04,9.9,0.08,4.44,,,8.19
1247,THL07,199811,1.35,0.083,5.6,0.065,4.06,9.48,,8.34
1248,THL07,199812,1.53,0.089,4.78,0.067,4.29,,,8.13
1249,THL07,199901,1.37,0.055,6,0.051,3.87,,,8.06
1250,THL07,199902,2.03,0.126,4,0.117,4.21,11.8,,8.25
1251,THL07,199903,1.62,0.081,25.3,0.048,4.37,,,8.25
1252,THL07,199904,1.59,0.042,15.8,0.034,3.67,,,8.44
1253,THL07,199905,3.07,0.107,14,0.275,3.74,7.91,,8.22
1254,THL07,199906,2.49,0.093,19,0.03,4.82,,,8.51
1255,THL07,199907,1.9,0.013,4.8,0.002,3.1,,,8.32
1256,THL07,199908,1.25,0.046,3.7,0.017,3.37,6.75,,8.26
1257,THL07,199909,1.37,0.078,31.9,0.059,6.26,,,8.76
1258,THL07,199910,1.35,0.092,40.8,0.026,6.71,,,9.38
1259,THL07,199911,0.978,0.11,8.35,0.015,3.77,10.4,,8.15
1260,THL07,199912,1.67,0.131,1.74,0,4.67,,,8.25
1261,THL07,200001,1.76,0.046,7.1,0.208,3.25,,,8.22
1262,THL07,200002,2.37,0.094,7.37,0.305,5.69,11.7,,7.95
1263,THL07,200003,1.97,0.134,6.56,0.029,4.78,10.19,,8.08
1264,THL07,200004,2.51,0.091,7.1,0.073,4.93,10.2,,8.35
1265,THL07,200005,2.47,0.0821,8.4,0.029,4.27,8.74,,8.44
1266,THL07,200006,1.631,0.054,6.63,0.029,3.91,7.6,,8.51
1267,THL07,200007,1.536,0.057,10.4,0.097,4.09,7.21,,8.46
1268,THL07,200008,0.696,0.0415,7.9,0.039,3.72,7.31,,8.49
1269,THL07,200009,1.449,0.086,15.07,0.028,6.47,8.12,,8.84
1270,THL07,200010,1.69,0.094,15,0.05,5.78,8.52,,8.38
1271,THL07,200011,1.19,0.084,2.81,0.03,4.09,10.3,,8.12
1272,THL07,200012,1.33,0.039,4.75,0.03,3.68,11,,8.18
1273,THL07,200101,1.92,0.149,5.13,0.109,4.16,10.68,,8.35
1274,THL07,200102,1.6,0.102,0.55,0.114,4.09,11.69,,8.17
1275,THL07,200103,2.29,0.108,4.97,0.079,5.43,9.6,,8.28
1276,THL07,200104,3.02,0.098,5.49,0.081,4.5,8.2,,8.21
1277,THL07,200105,2.22,0.062,2.21,0.041,3.78,8.31,,8.36
1278,THL07,200106,1.6,0.059,21.85,0.042,4.36,7.89,,8.48
1279,THL07,200107,1.18,0.055,8.93,0.042,3.15,6.8,,8.37
1280,THL07,200108,1.18,0.051,21.09,0.014,4.44,8.33,,8.69
1281,THL07,200109,1.01,0.076,11.72,0.041,5.82,7.57,,8.73
1282,THL07,200110,1.12,0.093,8.1,0.051,5.82,8.34,,8.65
1283,THL07,200111,0.99,0.085,9.51,0.053,5,10.06,,8.24
1284,THL07,200112,0.9,0.08,3.63,0.066,4.55,11.83,,8.15
1285,THL07,200201,1.83,0.043,4.65,0.183,4.38,11.46,,8.08
1286,THL07,200202,3.45,0.07,8.59,0.422,5.17,12.08,,8.07
1287,THL07,200203,2.27,0.054,9.5,0.279,3.58,9.39,,8.12
1288,THL07,200204,3.79,0.066,8.7,0.052,4.84,8.22,,8.26
1289,THL07,200205,2.76,0.074,3.91,0.04,3.55,9.32,,7.96
1290,THL07,200206,2.52,0.062,6.69,0.04,3.79,7.54,,8.49
1291,THL07,200207,2.31,0.059,8.17,0.068,4.94,7.54,,8.33
1292,THL07,200208,1.44,0.1,21.76,0.113,5.23,,,8.23
1293,THL07,200209,1.2,0.098,20.04,0.077,5.29,6.82,,8.25
1294,THL07,200210,0.91,0.068,11.75,0.02,5.78,8.26,,8.66
1295,THL07,200211,1.88,0.095,10.16,0.131,5.93,9.66,,8.43
1296,THL07,200212,1.58,0.11,6.41,0.033,5.51,10.94,,8.47
1297,THL07,200301,2.21,0.059,3.91,0.114,4.66,12.51,,8.19
1298,THL07,200302,3.43,0.045,8.93,0.25,4.38,11.11,,8.21
1299,THL07,200303,3.54,0.118,3.83,0.132,4.63,10.7,,8.49
1300,THL07,200304,3,0.074,5.27,0.058,4.66,8.81,,8.34
1301,THL07,200305,2.97,0.058,6.74,0.061,3.61,8.11,,8.21
1302,THL07,200306,2.97,0.057,7.77,0.032,3.74,7.93,,8.52
1303,THL07,200307,1.58,0.068,11.43,0.044,3.69,6.86,,8.37
1304,THL07,200308,1.07,0.066,16.12,0.066,4.79,7.18,,8.45
1305,THL07,200309,0.86,0.06,14.28,0.049,4.17,8.26,,8.22
1306,THL07,200310,1.9,0.115,17.28,0.039,5.99,9.22,,8.45
1307,THL07,200311,2.21,0.09,7.81,0.136,4.99,10.21,,8.11
1308,THL07,200312,2.38,0.064,10.94,0.073,4.4,11.71,,8.21
1309,THL07,200401,1.97,0.085,8.04,0.21,4.51,11.61,,8.1
1310,THL07,200402,5.18,0.115,14.28,1.24,5.1,10.99,,8.2
1311,THL07,200403,5.34,0.103,5.47,0.89,6.04,9.79,,8.09
1312,THL07,200404,4.28,0.069,10.94,0.18,4.64,9.55,,8.21
1313,THL07,200405,4.11,0.075,7.81,0.06,4.17,8.17,,8.1
1314,THL07,200406,3.64,0.062,6.25,0.08,4.01,7.63,,8.25
1315,THL07,200407,2.59,0.049,10.71,0.05,3.69,6.6,,8.14
1316,THL07,200408,1.71,0.071,20.31,0.04,4.05,8.86,,8.47
1317,THL07,200409,9.42,0.889,390.6,0.07,17.1,9.56,,7.57
1318,THL07,200410,1.27,0.074,11.61,0.06,5.13,8.75,,8.46
1319,THL07,200411,1.82,0.083,10.71,0.06,4.46,9.31,,8.15
1320,THL07,200412,1.6,0.078,11.61,0.07,4.84,10.43,,8.15
1321,THL07,200501,2.02,0.078,5.47,0.14,4.01,12.43,,8.04
1322,THL07,200502,2.1,0.111,2.38,0.1,4.43,12.24,,8
1323,THL07,200503,2.65,0.113,1.79,0.12,4.36,11.04,,8.03
1324,THL07,200504,4.39,0.092,22.32,0.05,4.47,9.06,,8.49
1325,THL07,200505,3.9,0.101,15.18,0.06,4.54,8.35,,8.06
1326,THL07,200506,3.19,0.105,22.32,0.06,5.62,7.91,,8.33
1327,THL07,200507,1.66,0.086,15.18,0.04,3.83,7.39,,8.2
1328,THL07,200508,1.89,0.119,15.62,0.08,3.89,6.6,,8.04
1329,THL07,200509,1.73,0.11,9.82,0.16,3.45,9.43,,8.1
1330,THL07,200510,2.46,0.13,13.39,0.31,4.08,9.54,,8.14
1331,THL07,200511,1.94,0.079,6.78,0.11,3.08,9.53,,8.09
1332,THL07,200512,3.68,0.151,19.64,0.52,4.54,12.29,,7.93
1333,THL07,200601,2.77,0.092,6.25,0.46,4.38,11.95,1.24,7.93
1334,THL07,200602,3.94,0.134,3.57,1.23,4.36,11.33,2.36,7.97
1335,THL07,200603,6.93,0.121,6.25,1.67,5.19,10.35,6.25,8.03
1336,THL07,200604,4.92,0.097,8.04,0.12,4.42,9.32,1.26,8.06
1337,THL07,200605,4.52,0.157,7.14,0.05,4.38,8.64,1.38,7.84
1338,THL07,200606,3.47,0.079,17.86,0.05,4.66,7.67,1.61,8.28
1339,THL07,200607,2.33,0.155,41.07,0.04,5.53,7.6,2.59,8.5
1340,THL07,200608,2.15,0.139,9.37,0.08,5.75,7.32,2.6,8.55
1341,THL07,200609,3.11,0.25,25.3,0.06,7.5,7.78,4.15,8.06
1342,THL07,200610,1.34,0.062,3.57,0.06,4.36,7.1,1.75,8.23
1343,THL07,200611,1.46,0.11,9.49,0.06,5.47,8.7,0.9,8.29
1344,THL07,200612,2.2,0.147,13.67,0.19,5.84,10.61,1.3,8.17
1345,THL08,199101,0.378,0.015,16.75,,,,,7.79
1346,THL08,199102,0.412,0.049,2.18,,,,,8.07
1347,THL08,199103,0.692,0.145,3.28,,,,,8.11
1348,THL08,199104,1.16,0.121,7.64,,,,,7.96
1349,THL08,199105,1.15,0.071,7.64,,,,,8.25
1350,THL08,199106,,,,,,,,
1351,THL08,199107,,,,,,,,
1352,THL08,199108,,,,,,,,
1353,THL08,199109,,,,,,,,
1354,THL08,199110,,,,,,,,
1355,THL08,199111,,,,,,,,
1356,THL08,199112,,,,,,,,
1357,THL08,199201,1.08,0.185,10.92,0.12,5.57,13,,7.92
1358,THL08,199202,1.75,0.039,10.92,0.1,3.88,12,,8.15
1359,THL08,199203,2.61,0.025,8.19,0.2,4.32,11.6,,8.09
1360,THL08,199204,1.9,0.058,2.46,0.16,10.36,0.37,,8.65
1361,THL08,199205,2.47,0.036,12.56,0.057,4.91,8.7,,7.97
1362,THL08,199206,2.33,0.026,6.55,0,4.24,7.66,,8.09
1363,THL08,199207,1.75,0.034,10.92,0.119,3.88,7.92,,8.39
1364,THL08,199208,0.88,0.053,4.37,0,5.37,7.13,,8.76
1365,THL08,199209,1.08,0.042,13.98,0.202,3.63,7.34,,8.21
1366,THL08,199210,0.877,0.098,5.16,0.02,3.08,9.22,,8.17
1367,THL08,199211,,,,,,,,
1368,THL08,199212,1.47,0.121,6.12,0.15,3.58,11.34,,7.92
1369,THL08,199301,1.52,0.156,2.05,0.02,4.3,13.41,,7.95
1370,THL08,199302,,,,,,,,
1371,THL08,199303,2.39,0.086,7.21,0.014,3.93,10.93,,7.9
1372,THL08,199304,4.71,0.059,2.29,0.06,2.94,10.77,,8.14
1373,THL08,199305,1.07,0.02,4.91,0.029,2.86,8.83,,8.2
1374,THL08,199306,1.84,0.069,21.29,0.064,3.32,8.43,,
1375,THL08,199307,2.08,0.086,9.8,0.028,2.67,8.67,,8.4
1376,THL08,199308,1.54,0.014,3.82,0.071,3.03,8.01,,8
1377,THL08,199309,1.2,0.015,4.97,0.01,2.77,8.15,,7.9
1378,THL08,199310,1.04,0.022,7,0.202,2.99,,,8.48
1379,THL08,199311,,,,,,,,
1380,THL08,199312,1.09,0.081,5.9,0.064,3.85,12.4,,7.45
1381,THL08,199401,,,,,,,,
1382,THL08,199402,,,,,,,,
1383,THL08,199403,,,,,,,,
1384,THL08,199404,,,,,,,,
1385,THL08,199405,2.71,0.033,,0.285,3.14,,,8.1
1386,THL08,199406,1.22,0.029,,0.043,3.59,,,7.98
1387,THL08,199407,1.52,0.077,8.7,0.083,3.6,7.83,,8.4
1388,THL08,199408,1.15,0.045,13.4,0.14,4.32,10.98,,8.5
1389,THL08,199409,1.25,0.095,,0.123,4.52,,,7.9
1390,THL08,199410,1.56,0.13,,0.165,5.24,,,8.06
1391,THL08,199411,2.04,0.118,,0.36,10.16,,,
1392,THL08,199412,1.85,0.067,5.63,0.426,5.63,10.3,,7.95
1393,THL08,199501,1.72,0.104,8.03,0.204,5.51,12.6,,7.5
1394,THL08,199502,1.54,0.024,5.4,0.06,3.22,11.49,,
1395,THL08,199503,3.4,0.156,2.27,0.358,5.81,10.3,,7.4
1396,THL08,199504,2.24,0.125,4.19,0.22,4.28,10.15,,7.65
1397,THL08,199505,2.69,0.14,4.59,0.36,4.11,8.82,,8.38
1398,THL08,199506,2.8,0.106,18.8,0.06,4.2,,,8.13
1399,THL08,199507,1.79,0.029,3.57,0.159,2.66,6.89,,8.22
1400,THL08,199508,1.95,0.081,8.1,0.08,3.55,,,8.54
1401,THL08,199509,1.21,0.047,9.5,0.132,3.07,8.69,,8.39
1402,THL08,199510,0.966,0.056,41.52,0.302,5.42,10.03,,8.81
1403,THL08,199511,1.79,0.152,5.36,0.273,2.9,10.06,,7.96
1404,THL08,199512,1.51,0.083,4.91,0.056,2.92,11.37,,8.03
1405,THL08,199601,1.8,0.137,6.02,0.22,11.9,5.17,,7.91
1406,THL08,199602,1.52,0.087,8.37,0.209,12,5.11,,8
1407,THL08,199603,1.74,0.084,10.27,0.027,10.71,3.88,,7.85
1408,THL08,199604,2.53,0.141,18.75,0.067,10.1,5.18,,8.15
1409,THL08,199605,2.73,0.109,5.36,0.4,8.46,4.39,,8.21
1410,THL08,199606,3.679,0.074,26.8,0.256,6.96,5.57,,8.53
1411,THL08,199607,2.017,0.028,2.88,0.257,7.87,2.62,,7.94
1412,THL08,199608,1.507,0.06,8.68,0.262,7.17,3.33,,8.32
1413,THL08,199609,0.811,0.027,4.91,0.208,7.37,3.17,,8.14
1414,THL08,199610,1.959,0.054,18.7,0.139,8.45,4.09,,8.57
1415,THL08,199611,1.528,0.038,6.48,0.13,12.89,2.76,,7.93
1416,THL08,199612,1.86,0.068,7.23,0.184,11.45,3.56,,8.13
1417,THL08,199701,2.42,0.09,6.72,0.153,4.14,12.2,,7.98
1418,THL08,199702,2.1,0.075,11.6,0.198,4.71,11.1,,8.11
1419,THL08,199703,3.2,0.096,13.8,0.215,4.82,11.1,,8.07
1420,THL08,199704,3.32,0.102,19.6,0.214,4.59,9.1,,8.36
1421,THL08,199705,2.87,0.164,31.7,0.197,4.42,7.63,,8.57
1422,THL08,199706,2.68,0.1,56.2,0.155,4.5,7.57,,8.78
1423,THL08,199707,1.49,0.113,13.9,0.17,3.68,7.91,,8.39
1424,THL08,199708,0.753,0.056,15.18,0.1,3.85,7.81,,8.84
1425,THL08,199709,0.832,0.038,7.14,0.09,3.46,7.62,,8.47
1426,THL08,199710,0.836,0.054,3.08,0.02,3.23,8.61,,8.14
1427,THL08,199711,1.14,0.103,15.6,0.071,4.91,10.9,,8.21
1428,THL08,199712,1.09,0.068,10.71,0.05,3.83,12.7,,8
1429,THL08,199801,1.16,0.086,8.8,0.2,4.72,11.6,,8.24
1430,THL08,199802,3.14,0.096,10.2,0.31,4.45,11.2,,8.13
1431,THL08,199803,1.72,0.065,6,0.03,3.8,10.9,,8.05
1432,THL08,199804,3.39,0.048,4.1,0.17,3.55,8.95,,7.85
1433,THL08,199805,2.65,0.056,1.5,0.05,3.37,8.79,,8.15
1434,THL08,199806,2.22,0.064,2.7,0.02,1.85,8,,8.11
1435,THL08,199807,2.09,0.062,3.6,0.06,2.98,6.21,,8.2
1436,THL08,199808,0.85,0.027,3.4,0.019,3.5,7.94,,9.06
1437,THL08,199809,0.662,0.025,5.8,0,3.56,8.09,,8.83
1438,THL08,199810,1.41,0.047,10.3,0.144,4.44,8.05,,8.42
1439,THL08,199811,1.25,0.085,8.6,0.051,4.41,9.47,,8.26
1440,THL08,199812,1.8,0.062,9.97,0.066,4.33,11.3,,8.12
1441,THL08,199901,1.51,0.0817,4.6,0.058,4,12.1,,8.07
1442,THL08,199902,0.991,0.106,10.2,0.348,4.72,12,,8.23
1443,THL08,199903,1.55,0.105,15.4,0.127,4.35,10.7,,8.2
1444,THL08,199904,1.8,0.047,13.8,0.057,3.93,9.34,,8.32
1445,THL08,199905,3.24,0.093,12.3,0.247,3.45,7.91,,8.13
1446,THL08,199906,2.64,0.057,2.3,0.034,3.78,7.87,,8.3
1447,THL08,199907,1.88,0.015,2.8,0.005,2.52,7.49,,8.27
1448,THL08,199908,1.52,0.045,1.53,0.025,3.47,6.66,,8.1
1449,THL08,199909,1.98,0.028,7.69,0.019,2.25,7.41,,8.19
1450,THL08,199910,0.846,0.038,11.1,0.027,3.45,9.11,,8.37
1451,THL08,199911,0.958,0.097,3.68,0.192,3.82,10.6,,8.07
1452,THL08,199912,0.975,0.112,4.61,0,3.89,11.4,,8.35
1453,THL08,200001,1.89,0.063,5.8,0.139,3.34,12.49,,8.07
1454,THL08,200002,2.16,0.106,3.75,0.187,4.27,11.7,,7.92
1455,THL08,200003,1.73,0.106,6.36,0.002,4.43,10.35,,8.11
1456,THL08,200004,2.3,0.089,6.5,0.095,4.83,8.88,,8.31
1457,THL08,200005,2.18,0.0685,6.6,0.023,3.68,8.69,,8.36
1458,THL08,200006,1.808,0.051,3.48,0.018,3.47,7.33,,8.34
1459,THL08,200007,1.223,0.037,4.29,0.037,3.51,7.13,,8.32
1460,THL08,200008,0.829,0.0252,8.37,0.035,4.18,6.97,,8.3
1461,THL08,200009,1.337,0.095,18.14,0.027,6.21,7.89,,8.67
1462,THL08,200010,1.46,0.105,8.57,0.02,5.02,8.73,,8.32
1463,THL08,200011,1.74,0.116,2.41,0.015,5.48,10.35,,8.27
1464,THL08,200012,1.85,0.062,2.41,0.027,3.98,10.9,,8.12
1465,THL08,200101,1.75,0.089,2.41,0.087,4.06,11.02,,8.4
1466,THL08,200102,3.66,0.216,5.22,0.305,5.04,11.36,,8.18
1467,THL08,200103,2.9,0.119,6.96,0.118,6.1,10,,8.33
1468,THL08,200104,2.38,0.11,2.83,0.045,4.41,8.91,,8.21
1469,THL08,200105,2.79,0.086,22.19,0.024,6.44,9.54,,8.8
1470,THL08,200106,1.92,0.07,9.87,0.031,5.13,8.11,,8.63
1471,THL08,200107,1.42,0.053,3.06,0.065,2.99,6.58,,8.33
1472,THL08,200108,0.93,0.036,10.25,0.014,3.05,7.57,,8.43
1473,THL08,200109,0.4,0.04,5.26,0.003,2.93,7.72,,8.9
1474,THL08,200110,0.65,0.048,5.12,0.02,4.11,8.43,,8.5
1475,THL08,200111,0.8,0.06,5.9,0.033,4.1,10.02,,8.27
1476,THL08,200112,1.05,0.091,3.15,0.035,4.43,11.86,,8.17
1477,THL08,200201,1.68,0.057,3.12,0.15,4.24,11.46,,8.11
1478,THL08,200202,0.69,0.025,3.77,0.031,3.19,11.8,,8.11
1479,THL08,200203,2.09,0.07,4.34,0.09,4.19,9.68,,8.14
1480,THL08,200204,3.24,0.066,7.77,0.034,4.48,8.38,,8.23
1481,THL08,200205,2.31,0.084,3.88,0.028,3.46,9.5,,7.99
1482,THL08,200206,2.31,0.08,4.82,0.044,3.44,7.48,,8.45
1483,THL08,200207,1.95,0.041,4.08,0.042,4.22,7.4,,8.33
1484,THL08,200208,1.02,0.047,16.61,0.052,4.68,7.78,,8.29
1485,THL08,200209,0.82,0.041,24.28,0.024,4.43,6.94,,8.52
1486,THL08,200210,0.39,0.045,10,0.018,4.2,8.72,,8.49
1487,THL08,200211,1.85,0.088,9.11,0.053,6.04,9.94,,8.57
1488,THL08,200212,1.36,0.069,6.33,0.037,4.9,10.92,,8.5
1489,THL08,200301,2.19,0.054,6.44,0.179,4.62,12.72,,8.27
1490,THL08,200302,2.01,0.057,9.92,0.104,4.17,11.39,,8.19
1491,THL08,200303,4.43,0.185,3.87,0.692,4.91,10.66,,8.47
1492,THL08,200304,3.48,0.135,9.08,0.114,4.5,8.83,,8.22
1493,THL08,200305,2.82,0.044,2.16,0.056,3.26,7.97,,8.12
1494,THL08,200306,2.93,0.087,23.3,0.074,4.74,7.77,,8.47
1495,THL08,200307,1.93,0.051,9.73,0.056,3.59,7.15,,8.4
1496,THL08,200308,1.58,0.072,5.69,0.075,3.92,7.18,,8.25
1497,THL08,200309,0.78,0.049,11.61,0.044,3.7,7.91,,8.22
1498,THL08,200310,3.27,0.144,16.96,0.518,6.88,8.71,,8.34
1499,THL08,200311,2.92,0.106,9.91,0.19,4.82,10.23,,8.13
1500,THL08,200312,3.27,0.098,10.16,0.291,4.69,11.46,,8.22
1501,THL08,200401,2.98,0.105,6.25,0.51,4.86,11.52,,8.17
1502,THL08,200402,3.22,0.087,7.18,0.26,4.04,11.3,,8.21
1503,THL08,200403,2.59,0.101,10.88,0.1,4.91,9.99,,8.17
1504,THL08,200404,4.13,0.063,10.16,0.22,4.53,9.3,,8.05
1505,THL08,200405,4.09,0.081,7.81,0.05,3.99,8.37,,8.16
1506,THL08,200406,3.81,0.056,6.25,0.06,3.79,7.88,,8.23
1507,THL08,200407,2.85,0.049,10.04,0.04,3.06,6.66,,8.09
1508,THL08,200408,1.7,0.061,14.84,0.04,3.61,8.2,,8.35
1509,THL08,200409,2.18,0.161,33.85,0.06,5.96,8.63,,8.16
1510,THL08,200410,1.2,0.07,9.82,0.07,5.13,8.65,,8.46
1511,THL08,200411,1.26,0.071,8.93,0.05,3.97,9.66,,8.17
1512,THL08,200412,2.17,0.073,31.25,0.03,4.81,10.53,,8.27
1513,THL08,200501,5.07,0.124,5.86,1.06,5.56,12.21,,8.12
1514,THL08,200502,2.97,0.109,3.12,0.62,4.6,12.18,,7.99
1515,THL08,200503,2.8,0.104,1.79,0.34,4.27,11.17,,8.18
1516,THL08,200504,4,0.087,7.14,0.04,4.15,8.97,,8.46
1517,THL08,200505,3.82,0.08,9.82,0.06,4.08,8.27,,8.07
1518,THL08,200506,3,0.054,11.61,0.05,4.71,8.37,,8.35
1519,THL08,200507,2.64,0.042,8.93,0.03,3.03,7.1,,8.2
1520,THL08,200508,2.18,0.13,13.28,0.05,3.52,6.82,,8.04
1521,THL08,200509,2.75,0.141,66.96,0.05,5.39,9.52,,8.16
1522,THL08,200510,1.45,0.063,6.25,0.21,2.77,8.97,,8.21
1523,THL08,200511,1.43,0.065,4.69,0.09,2.69,9.55,,8.14
1524,THL08,200512,3.91,0.2,11.61,0.21,5.04,12.23,,7.95
1525,THL08,200601,2.13,0.111,5.39,0.12,4.47,12.13,1.1,7.98
1526,THL08,200602,8.09,0.157,5.36,3.26,5.49,11.31,2.58,7.99
1527,THL08,200603,6.37,0.127,11.61,1.09,4.92,10.51,4.61,8.02
1528,THL08,200604,4.54,0.088,2.68,0.14,4.49,9.47,1.19,8.07
1529,THL08,200605,4.12,0.088,3.57,0.07,3.94,8.49,0.92,7.89
1530,THL08,200606,3.61,0.075,14.84,0.06,4.27,7.61,1.29,8.26
1531,THL08,200607,2.49,0.072,7.81,0.05,3.52,7.06,1.09,8.35
1532,THL08,200608,1.8,0.143,27.68,0.08,6.51,7.59,3.1,8.75
1533,THL08,200609,1.56,0.112,10.04,0.05,5.67,7.71,2.62,8.09
1534,THL08,200610,1.3,0.08,4.46,0.05,4.9,7.41,2.3,8.33
1535,THL08,200611,1.35,0.098,3.35,0.05,4.57,8.92,0.88,8.26
1536,THL08,200612,2.35,0.101,6.35,0.16,5.24,10.8,1.21,8.21
